team,episode_id,turn,day,hour,money,actor,action,arg1,arg2
HealthStone,91035389,0,0,0,3000.0,farmer,PASS,,
HealthStone,91035389,1,0,1,146.0,farmer,BUILD_PASTURE,,
HealthStone,91035389,1,0,1,146.0,market,HIRE,,
HealthStone,91035389,1,0,1,146.0,market,HIRE,,
HealthStone,91035389,1,0,1,146.0,market,HIRE,,
HealthStone,91035389,1,0,1,146.0,market,BUY_ANIMAL,SHEEP,4
HealthStone,91035389,1,0,1,146.0,market,BUY_ANIMAL,COW,1
HealthStone,91035389,1,0,1,146.0,market,BUY_SEED,MELON,5
HealthStone,91035389,1,0,1,146.0,market,BUY_SEED,WHEAT,5
HealthStone,91035389,2,0,2,126.0,farmer,PICKUP,SHEEP,1
HealthStone,91035389,2,0,2,126.0,hand_0,WEST,,
HealthStone,91035389,2,0,2,126.0,hand_1,NORTH,,
HealthStone,91035389,2,0,2,126.0,hand_2,WEST,,
HealthStone,91035389,2,0,2,126.0,market,BUY_SEED,CARROT,1
HealthStone,91035389,3,0,3,126.0,farmer,PLACE,SHEEP,
HealthStone,91035389,3,0,3,126.0,hand_0,PICKUP,SHEEP,1
HealthStone,91035389,3,0,3,126.0,hand_1,PICKUP,COW,1
HealthStone,91035389,3,0,3,126.0,hand_2,NORTH,,
HealthStone,91035389,4,0,4,70.0,farmer,NORTH,,
HealthStone,91035389,4,0,4,70.0,hand_0,WEST,,
HealthStone,91035389,4,0,4,70.0,hand_1,NORTH,,
HealthStone,91035389,4,0,4,70.0,hand_2,WEST,,
HealthStone,91035389,4,0,4,70.0,market,BUY_PRODUCT,WHEAT,2
HealthStone,91035389,5,0,5,70.0,farmer,BUILD_PASTURE,,
HealthStone,91035389,5,0,5,70.0,hand_0,BUILD_PASTURE,,
HealthStone,91035389,5,0,5,70.0,hand_1,NORTH,,
HealthStone,91035389,5,0,5,70.0,hand_2,NORTH,,
HealthStone,91035389,6,0,6,70.0,farmer,SOUTH,,
HealthStone,91035389,6,0,6,70.0,hand_0,EAST,,
HealthStone,91035389,6,0,6,70.0,hand_1,SOUTH,,
HealthStone,91035389,6,0,6,70.0,hand_2,PLANT,MELON,
HealthStone,91035389,7,0,7,70.0,farmer,PICKUP,SHEEP,1
HealthStone,91035389,7,0,7,70.0,hand_0,NORTH,,
HealthStone,91035389,7,0,7,70.0,hand_1,PLACE,COW,
HealthStone,91035389,7,0,7,70.0,hand_2,WATER,,
HealthStone,91035389,8,0,8,14.0,farmer,WEST,,
HealthStone,91035389,8,0,8,14.0,hand_0,WEST,,
HealthStone,91035389,8,0,8,14.0,hand_1,NORTH,,
HealthStone,91035389,8,0,8,14.0,hand_2,NORTH,,
HealthStone,91035389,8,0,8,14.0,market,BUY_PRODUCT,WHEAT,2
HealthStone,91035389,9,0,9,14.0,farmer,PLACE,SHEEP,
HealthStone,91035389,9,0,9,14.0,hand_0,SOUTH,,
HealthStone,91035389,9,0,9,14.0,hand_1,PLANT,MELON,
HealthStone,91035389,9,0,9,14.0,hand_2,PLANT,MELON,
HealthStone,91035389,10,0,10,14.0,farmer,WEST,,
HealthStone,91035389,10,0,10,14.0,hand_0,EAST,,
HealthStone,91035389,10,0,10,14.0,hand_1,WATER,,
HealthStone,91035389,10,0,10,14.0,hand_2,WATER,,
HealthStone,91035389,11,0,11,14.0,farmer,BUILD_PASTURE,,
HealthStone,91035389,11,0,11,14.0,hand_0,PICKUP,WHEAT,4
HealthStone,91035389,11,0,11,14.0,hand_1,NORTH,,
HealthStone,91035389,11,0,11,14.0,hand_2,WEST,,
HealthStone,91035389,12,0,12,14.0,farmer,NORTH,,
HealthStone,91035389,12,0,12,14.0,hand_0,FEED,,
HealthStone,91035389,12,0,12,14.0,hand_1,PLANT,MELON,
HealthStone,91035389,12,0,12,14.0,hand_2,PLANT,WHEAT,
HealthStone,91035389,13,0,13,14.0,farmer,PLANT,MELON,
HealthStone,91035389,13,0,13,14.0,hand_0,WEST,,
HealthStone,91035389,13,0,13,14.0,hand_1,WATER,,
HealthStone,91035389,13,0,13,14.0,hand_2,WATER,,
HealthStone,91035389,14,0,14,14.0,farmer,WATER,,
HealthStone,91035389,14,0,14,14.0,hand_0,FEED,,
HealthStone,91035389,14,0,14,14.0,hand_1,SOUTH,,
HealthStone,91035389,14,0,14,14.0,hand_2,EAST,,
HealthStone,91035389,15,0,15,14.0,farmer,EAST,,
HealthStone,91035389,15,0,15,14.0,hand_0,WEST,,
HealthStone,91035389,15,0,15,14.0,hand_1,SOUTH,,
HealthStone,91035389,15,0,15,14.0,hand_2,NORTH,,
HealthStone,91035389,16,0,16,14.0,farmer,SOUTH,,
HealthStone,91035389,16,0,16,14.0,hand_0,PLACE,SHEEP,
HealthStone,91035389,16,0,16,14.0,hand_1,SOUTH,,
HealthStone,91035389,16,0,16,14.0,hand_2,PLANT,WHEAT,
HealthStone,91035389,17,0,17,14.0,farmer,CARE,,
HealthStone,91035389,17,0,17,14.0,hand_0,FEED,,
HealthStone,91035389,17,0,17,14.0,hand_1,CARE,,
HealthStone,91035389,17,0,17,14.0,hand_2,WATER,,
HealthStone,91035389,18,0,18,14.0,farmer,WEST,,
HealthStone,91035389,18,0,18,14.0,hand_0,CARE,,
HealthStone,91035389,18,0,18,14.0,hand_1,WEST,,
HealthStone,91035389,18,0,18,14.0,hand_2,EAST,,
HealthStone,91035389,19,0,19,14.0,farmer,WEST,,
HealthStone,91035389,19,0,19,14.0,hand_0,EAST,,
HealthStone,91035389,19,0,19,14.0,hand_1,WEST,,
HealthStone,91035389,19,0,19,14.0,hand_2,NORTH,,
HealthStone,91035389,20,0,20,14.0,farmer,BUILD_PASTURE,,
HealthStone,91035389,20,0,20,14.0,hand_0,EAST,,
HealthStone,91035389,20,0,20,14.0,hand_1,WEST,,
HealthStone,91035389,20,0,20,14.0,hand_2,PLANT,WHEAT,
HealthStone,91035389,21,0,21,14.0,farmer,NORTH,,
HealthStone,91035389,21,0,21,14.0,hand_0,PICKUP,SHEEP,1
HealthStone,91035389,21,0,21,14.0,hand_1,WEST,,
HealthStone,91035389,21,0,21,14.0,hand_2,WATER,,
HealthStone,91035389,22,0,22,14.0,farmer,PLANT,WHEAT,
HealthStone,91035389,22,0,22,14.0,hand_0,NORTH,,
HealthStone,91035389,22,0,22,14.0,hand_1,PLANT,WHEAT,
HealthStone,91035389,22,0,22,14.0,hand_2,PASS,,
HealthStone,91035389,23,0,23,14.0,farmer,WATER,,
HealthStone,91035389,23,0,23,14.0,hand_0,FEED,,
HealthStone,91035389,23,0,23,14.0,hand_1,WATER,,
HealthStone,91035389,23,0,23,14.0,hand_2,WEST,,
HealthStone,91035389,24,1,0,14.0,farmer,PASS,,
HealthStone,91035389,24,1,0,14.0,hand_0,CARE,,
HealthStone,91035389,24,1,0,14.0,hand_1,PASS,,
HealthStone,91035389,24,1,0,14.0,hand_2,PASS,,
HealthStone,91035389,25,1,1,14.0,farmer,PICKUP,SHEEP,1
HealthStone,91035389,26,1,2,14.0,farmer,COLLECT_FERTILIZER,,
HealthStone,91035389,27,1,3,14.0,farmer,WEST,,
HealthStone,91035389,28,1,4,14.0,farmer,COLLECT_FERTILIZER,,
HealthStone,91035389,29,1,5,14.0,farmer,WEST,,
HealthStone,91035389,30,1,6,14.0,farmer,WEST,,
HealthStone,91035389,31,1,7,14.0,farmer,PLACE,SHEEP,
HealthStone,91035389,32,1,8,14.0,farmer,EAST,,
HealthStone,91035389,33,1,9,14.0,farmer,COLLECT_FERTILIZER,,
HealthStone,91035389,34,1,10,14.0,farmer,EAST,,
HealthStone,91035389,35,1,11,14.0,farmer,EAST,,
HealthStone,91035389,36,1,12,14.0,farmer,NORTH,,
HealthStone,91035389,37,1,13,14.0,farmer,COLLECT_FERTILIZER,,
HealthStone,91035389,38,1,14,14.0,farmer,PASS,,
HealthStone,91035389,39,1,15,14.0,farmer,PASS,,
HealthStone,91035389,40,1,16,14.0,farmer,PASS,,
HealthStone,91035389,41,1,17,14.0,farmer,PASS,,
HealthStone,91035389,42,1,18,14.0,farmer,PASS,,
HealthStone,91035389,43,1,19,14.0,farmer,PASS,,
HealthStone,91035389,44,1,20,14.0,farmer,PASS,,
HealthStone,91035389,45,1,21,14.0,farmer,PASS,,
HealthStone,91035389,46,1,22,14.0,farmer,PASS,,
HealthStone,91035389,47,1,23,14.0,farmer,PASS,,
HealthStone,91036216,0,0,0,3000.0,farmer,PASS,,
HealthStone,91036216,1,0,1,146.0,farmer,BUILD_PASTURE,,
HealthStone,91036216,1,0,1,146.0,market,HIRE,,
HealthStone,91036216,1,0,1,146.0,market,HIRE,,
HealthStone,91036216,1,0,1,146.0,market,HIRE,,
HealthStone,91036216,1,0,1,146.0,market,BUY_ANIMAL,SHEEP,4
HealthStone,91036216,1,0,1,146.0,market,BUY_ANIMAL,COW,1
HealthStone,91036216,1,0,1,146.0,market,BUY_SEED,MELON,5
HealthStone,91036216,1,0,1,146.0,market,BUY_SEED,WHEAT,5
HealthStone,91036216,2,0,2,126.0,farmer,PICKUP,SHEEP,1
HealthStone,91036216,2,0,2,126.0,hand_0,WEST,,
HealthStone,91036216,2,0,2,126.0,hand_1,NORTH,,
HealthStone,91036216,2,0,2,126.0,hand_2,WEST,,
HealthStone,91036216,2,0,2,126.0,market,BUY_SEED,CARROT,1
HealthStone,91036216,3,0,3,126.0,farmer,PLACE,SHEEP,
HealthStone,91036216,3,0,3,126.0,hand_0,PICKUP,SHEEP,1
HealthStone,91036216,3,0,3,126.0,hand_1,PICKUP,COW,1
HealthStone,91036216,3,0,3,126.0,hand_2,NORTH,,
HealthStone,91036216,4,0,4,70.0,farmer,NORTH,,
HealthStone,91036216,4,0,4,70.0,hand_0,WEST,,
HealthStone,91036216,4,0,4,70.0,hand_1,NORTH,,
HealthStone,91036216,4,0,4,70.0,hand_2,WEST,,
HealthStone,91036216,4,0,4,70.0,market,BUY_PRODUCT,WHEAT,2
HealthStone,91036216,5,0,5,70.0,farmer,BUILD_PASTURE,,
HealthStone,91036216,5,0,5,70.0,hand_0,BUILD_PASTURE,,
HealthStone,91036216,5,0,5,70.0,hand_1,NORTH,,
HealthStone,91036216,5,0,5,70.0,hand_2,NORTH,,
HealthStone,91036216,6,0,6,70.0,farmer,SOUTH,,
HealthStone,91036216,6,0,6,70.0,hand_0,EAST,,
HealthStone,91036216,6,0,6,70.0,hand_1,SOUTH,,
HealthStone,91036216,6,0,6,70.0,hand_2,PLANT,MELON,
HealthStone,91036216,7,0,7,70.0,farmer,PICKUP,SHEEP,1
HealthStone,91036216,7,0,7,70.0,hand_0,NORTH,,
HealthStone,91036216,7,0,7,70.0,hand_1,PLACE,COW,
HealthStone,91036216,7,0,7,70.0,hand_2,WATER,,
HealthStone,91036216,8,0,8,14.0,farmer,WEST,,
HealthStone,91036216,8,0,8,14.0,hand_0,WEST,,
HealthStone,91036216,8,0,8,14.0,hand_1,NORTH,,
HealthStone,91036216,8,0,8,14.0,hand_2,NORTH,,
HealthStone,91036216,8,0,8,14.0,market,BUY_PRODUCT,WHEAT,2
HealthStone,91036216,9,0,9,14.0,farmer,PLACE,SHEEP,
HealthStone,91036216,9,0,9,14.0,hand_0,SOUTH,,
HealthStone,91036216,9,0,9,14.0,hand_1,PLANT,MELON,
HealthStone,91036216,9,0,9,14.0,hand_2,PLANT,MELON,
HealthStone,91036216,10,0,10,14.0,farmer,WEST,,
HealthStone,91036216,10,0,10,14.0,hand_0,EAST,,
HealthStone,91036216,10,0,10,14.0,hand_1,WATER,,
HealthStone,91036216,10,0,10,14.0,hand_2,WATER,,
HealthStone,91036216,11,0,11,14.0,farmer,BUILD_PASTURE,,
HealthStone,91036216,11,0,11,14.0,hand_0,PICKUP,WHEAT,4
HealthStone,91036216,11,0,11,14.0,hand_1,NORTH,,
HealthStone,91036216,11,0,11,14.0,hand_2,WEST,,
HealthStone,91036216,12,0,12,14.0,farmer,NORTH,,
HealthStone,91036216,12,0,12,14.0,hand_0,FEED,,
HealthStone,91036216,12,0,12,14.0,hand_1,PLANT,MELON,
HealthStone,91036216,12,0,12,14.0,hand_2,PLANT,WHEAT,
HealthStone,91036216,13,0,13,14.0,farmer,PLANT,MELON,
HealthStone,91036216,13,0,13,14.0,hand_0,WEST,,
HealthStone,91036216,13,0,13,14.0,hand_1,WATER,,
HealthStone,91036216,13,0,13,14.0,hand_2,WATER,,
HealthStone,91036216,14,0,14,14.0,farmer,WATER,,
HealthStone,91036216,14,0,14,14.0,hand_0,FEED,,
HealthStone,91036216,14,0,14,14.0,hand_1,SOUTH,,
HealthStone,91036216,14,0,14,14.0,hand_2,EAST,,
HealthStone,91036216,15,0,15,14.0,farmer,EAST,,
HealthStone,91036216,15,0,15,14.0,hand_0,WEST,,
HealthStone,91036216,15,0,15,14.0,hand_1,SOUTH,,
HealthStone,91036216,15,0,15,14.0,hand_2,NORTH,,
HealthStone,91036216,16,0,16,14.0,farmer,SOUTH,,
HealthStone,91036216,16,0,16,14.0,hand_0,PLACE,SHEEP,
HealthStone,91036216,16,0,16,14.0,hand_1,SOUTH,,
HealthStone,91036216,16,0,16,14.0,hand_2,PLANT,WHEAT,
HealthStone,91036216,17,0,17,14.0,farmer,CARE,,
HealthStone,91036216,17,0,17,14.0,hand_0,FEED,,
HealthStone,91036216,17,0,17,14.0,hand_1,CARE,,
HealthStone,91036216,17,0,17,14.0,hand_2,WATER,,
HealthStone,91036216,18,0,18,14.0,farmer,WEST,,
HealthStone,91036216,18,0,18,14.0,hand_0,CARE,,
HealthStone,91036216,18,0,18,14.0,hand_1,WEST,,
HealthStone,91036216,18,0,18,14.0,hand_2,EAST,,
HealthStone,91036216,19,0,19,14.0,farmer,WEST,,
HealthStone,91036216,19,0,19,14.0,hand_0,EAST,,
HealthStone,91036216,19,0,19,14.0,hand_1,WEST,,
HealthStone,91036216,19,0,19,14.0,hand_2,NORTH,,
HealthStone,91036216,20,0,20,14.0,farmer,BUILD_PASTURE,,
HealthStone,91036216,20,0,20,14.0,hand_0,EAST,,
HealthStone,91036216,20,0,20,14.0,hand_1,WEST,,
HealthStone,91036216,20,0,20,14.0,hand_2,PLANT,WHEAT,
HealthStone,91036216,21,0,21,14.0,farmer,NORTH,,
HealthStone,91036216,21,0,21,14.0,hand_0,PICKUP,SHEEP,1
HealthStone,91036216,21,0,21,14.0,hand_1,WEST,,
HealthStone,91036216,21,0,21,14.0,hand_2,WATER,,
HealthStone,91036216,22,0,22,14.0,farmer,PLANT,WHEAT,
HealthStone,91036216,22,0,22,14.0,hand_0,NORTH,,
HealthStone,91036216,22,0,22,14.0,hand_1,PLANT,WHEAT,
HealthStone,91036216,22,0,22,14.0,hand_2,PASS,,
HealthStone,91036216,23,0,23,14.0,farmer,WATER,,
HealthStone,91036216,23,0,23,14.0,hand_0,FEED,,
HealthStone,91036216,23,0,23,14.0,hand_1,WATER,,
HealthStone,91036216,23,0,23,14.0,hand_2,WEST,,
HealthStone,91036216,24,1,0,14.0,farmer,PASS,,
HealthStone,91036216,24,1,0,14.0,hand_0,CARE,,
HealthStone,91036216,24,1,0,14.0,hand_1,PASS,,
HealthStone,91036216,24,1,0,14.0,hand_2,PASS,,
HealthStone,91036216,25,1,1,14.0,farmer,PICKUP,SHEEP,1
HealthStone,91036216,26,1,2,14.0,farmer,COLLECT_FERTILIZER,,
HealthStone,91036216,27,1,3,14.0,farmer,WEST,,
HealthStone,91036216,28,1,4,14.0,farmer,COLLECT_FERTILIZER,,
HealthStone,91036216,29,1,5,14.0,farmer,WEST,,
HealthStone,91036216,30,1,6,14.0,farmer,WEST,,
HealthStone,91036216,31,1,7,14.0,farmer,PLACE,SHEEP,
HealthStone,91036216,32,1,8,14.0,farmer,EAST,,
HealthStone,91036216,33,1,9,14.0,farmer,COLLECT_FERTILIZER,,
HealthStone,91036216,34,1,10,14.0,farmer,EAST,,
HealthStone,91036216,35,1,11,14.0,farmer,EAST,,
HealthStone,91036216,36,1,12,14.0,farmer,NORTH,,
HealthStone,91036216,37,1,13,14.0,farmer,COLLECT_FERTILIZER,,
HealthStone,91036216,38,1,14,14.0,farmer,PASS,,
HealthStone,91036216,39,1,15,14.0,farmer,PASS,,
HealthStone,91036216,40,1,16,14.0,farmer,PASS,,
HealthStone,91036216,41,1,17,14.0,farmer,PASS,,
HealthStone,91036216,42,1,18,14.0,farmer,PASS,,
HealthStone,91036216,43,1,19,14.0,farmer,PASS,,
HealthStone,91036216,44,1,20,14.0,farmer,PASS,,
HealthStone,91036216,45,1,21,14.0,farmer,PASS,,
HealthStone,91036216,46,1,22,14.0,farmer,PASS,,
HealthStone,91036216,47,1,23,14.0,farmer,PASS,,
HealthStone,91043818,0,0,0,3000.0,farmer,PASS,,
HealthStone,91043818,1,0,1,146.0,farmer,BUILD_PASTURE,,
HealthStone,91043818,1,0,1,146.0,market,HIRE,,
HealthStone,91043818,1,0,1,146.0,market,HIRE,,
HealthStone,91043818,1,0,1,146.0,market,HIRE,,
HealthStone,91043818,1,0,1,146.0,market,BUY_ANIMAL,SHEEP,4
HealthStone,91043818,1,0,1,146.0,market,BUY_ANIMAL,COW,1
HealthStone,91043818,1,0,1,146.0,market,BUY_SEED,MELON,5
HealthStone,91043818,1,0,1,146.0,market,BUY_SEED,WHEAT,5
HealthStone,91043818,2,0,2,126.0,farmer,PICKUP,SHEEP,1
HealthStone,91043818,2,0,2,126.0,hand_0,WEST,,
HealthStone,91043818,2,0,2,126.0,hand_1,NORTH,,
HealthStone,91043818,2,0,2,126.0,hand_2,WEST,,
HealthStone,91043818,2,0,2,126.0,market,BUY_SEED,CARROT,1
HealthStone,91043818,3,0,3,126.0,farmer,PLACE,SHEEP,
HealthStone,91043818,3,0,3,126.0,hand_0,PICKUP,SHEEP,1
HealthStone,91043818,3,0,3,126.0,hand_1,PICKUP,COW,1
HealthStone,91043818,3,0,3,126.0,hand_2,NORTH,,
HealthStone,91043818,4,0,4,70.0,farmer,NORTH,,
HealthStone,91043818,4,0,4,70.0,hand_0,WEST,,
HealthStone,91043818,4,0,4,70.0,hand_1,NORTH,,
HealthStone,91043818,4,0,4,70.0,hand_2,WEST,,
HealthStone,91043818,4,0,4,70.0,market,BUY_PRODUCT,WHEAT,2
HealthStone,91043818,5,0,5,70.0,farmer,BUILD_PASTURE,,
HealthStone,91043818,5,0,5,70.0,hand_0,BUILD_PASTURE,,
HealthStone,91043818,5,0,5,70.0,hand_1,NORTH,,
HealthStone,91043818,5,0,5,70.0,hand_2,NORTH,,
HealthStone,91043818,6,0,6,70.0,farmer,SOUTH,,
HealthStone,91043818,6,0,6,70.0,hand_0,EAST,,
HealthStone,91043818,6,0,6,70.0,hand_1,SOUTH,,
HealthStone,91043818,6,0,6,70.0,hand_2,PLANT,MELON,
HealthStone,91043818,7,0,7,70.0,farmer,PICKUP,SHEEP,1
HealthStone,91043818,7,0,7,70.0,hand_0,NORTH,,
HealthStone,91043818,7,0,7,70.0,hand_1,PLACE,COW,
HealthStone,91043818,7,0,7,70.0,hand_2,WATER,,
HealthStone,91043818,8,0,8,14.0,farmer,WEST,,
HealthStone,91043818,8,0,8,14.0,hand_0,WEST,,
HealthStone,91043818,8,0,8,14.0,hand_1,NORTH,,
HealthStone,91043818,8,0,8,14.0,hand_2,NORTH,,
HealthStone,91043818,8,0,8,14.0,market,BUY_PRODUCT,WHEAT,2
HealthStone,91043818,9,0,9,14.0,farmer,PLACE,SHEEP,
HealthStone,91043818,9,0,9,14.0,hand_0,SOUTH,,
HealthStone,91043818,9,0,9,14.0,hand_1,PLANT,MELON,
HealthStone,91043818,9,0,9,14.0,hand_2,PLANT,MELON,
HealthStone,91043818,10,0,10,14.0,farmer,WEST,,
HealthStone,91043818,10,0,10,14.0,hand_0,EAST,,
HealthStone,91043818,10,0,10,14.0,hand_1,WATER,,
HealthStone,91043818,10,0,10,14.0,hand_2,WATER,,
HealthStone,91043818,11,0,11,14.0,farmer,BUILD_PASTURE,,
HealthStone,91043818,11,0,11,14.0,hand_0,PICKUP,WHEAT,4
HealthStone,91043818,11,0,11,14.0,hand_1,NORTH,,
HealthStone,91043818,11,0,11,14.0,hand_2,WEST,,
HealthStone,91043818,12,0,12,14.0,farmer,NORTH,,
HealthStone,91043818,12,0,12,14.0,hand_0,FEED,,
HealthStone,91043818,12,0,12,14.0,hand_1,PLANT,MELON,
HealthStone,91043818,12,0,12,14.0,hand_2,PLANT,WHEAT,
HealthStone,91043818,13,0,13,14.0,farmer,PLANT,MELON,
HealthStone,91043818,13,0,13,14.0,hand_0,WEST,,
HealthStone,91043818,13,0,13,14.0,hand_1,WATER,,
HealthStone,91043818,13,0,13,14.0,hand_2,WATER,,
HealthStone,91043818,14,0,14,14.0,farmer,WATER,,
HealthStone,91043818,14,0,14,14.0,hand_0,FEED,,
HealthStone,91043818,14,0,14,14.0,hand_1,SOUTH,,
HealthStone,91043818,14,0,14,14.0,hand_2,EAST,,
HealthStone,91043818,15,0,15,14.0,farmer,EAST,,
HealthStone,91043818,15,0,15,14.0,hand_0,WEST,,
HealthStone,91043818,15,0,15,14.0,hand_1,SOUTH,,
HealthStone,91043818,15,0,15,14.0,hand_2,NORTH,,
HealthStone,91043818,16,0,16,14.0,farmer,SOUTH,,
HealthStone,91043818,16,0,16,14.0,hand_0,PLACE,SHEEP,
HealthStone,91043818,16,0,16,14.0,hand_1,SOUTH,,
HealthStone,91043818,16,0,16,14.0,hand_2,PLANT,WHEAT,
HealthStone,91043818,17,0,17,14.0,farmer,CARE,,
HealthStone,91043818,17,0,17,14.0,hand_0,FEED,,
HealthStone,91043818,17,0,17,14.0,hand_1,CARE,,
HealthStone,91043818,17,0,17,14.0,hand_2,WATER,,
HealthStone,91043818,18,0,18,14.0,farmer,WEST,,
HealthStone,91043818,18,0,18,14.0,hand_0,CARE,,
HealthStone,91043818,18,0,18,14.0,hand_1,WEST,,
HealthStone,91043818,18,0,18,14.0,hand_2,EAST,,
HealthStone,91043818,19,0,19,14.0,farmer,WEST,,
HealthStone,91043818,19,0,19,14.0,hand_0,EAST,,
HealthStone,91043818,19,0,19,14.0,hand_1,WEST,,
HealthStone,91043818,19,0,19,14.0,hand_2,NORTH,,
HealthStone,91043818,20,0,20,14.0,farmer,BUILD_PASTURE,,
HealthStone,91043818,20,0,20,14.0,hand_0,EAST,,
HealthStone,91043818,20,0,20,14.0,hand_1,WEST,,
HealthStone,91043818,20,0,20,14.0,hand_2,PLANT,WHEAT,
HealthStone,91043818,21,0,21,14.0,farmer,NORTH,,
HealthStone,91043818,21,0,21,14.0,hand_0,PICKUP,SHEEP,1
HealthStone,91043818,21,0,21,14.0,hand_1,WEST,,
HealthStone,91043818,21,0,21,14.0,hand_2,WATER,,
HealthStone,91043818,22,0,22,14.0,farmer,PLANT,WHEAT,
HealthStone,91043818,22,0,22,14.0,hand_0,NORTH,,
HealthStone,91043818,22,0,22,14.0,hand_1,PLANT,WHEAT,
HealthStone,91043818,22,0,22,14.0,hand_2,PASS,,
HealthStone,91043818,23,0,23,14.0,farmer,WATER,,
HealthStone,91043818,23,0,23,14.0,hand_0,FEED,,
HealthStone,91043818,23,0,23,14.0,hand_1,WATER,,
HealthStone,91043818,23,0,23,14.0,hand_2,WEST,,
HealthStone,91043818,24,1,0,14.0,farmer,PASS,,
HealthStone,91043818,24,1,0,14.0,hand_0,CARE,,
HealthStone,91043818,24,1,0,14.0,hand_1,PASS,,
HealthStone,91043818,24,1,0,14.0,hand_2,PASS,,
HealthStone,91043818,25,1,1,14.0,farmer,PICKUP,SHEEP,1
HealthStone,91043818,26,1,2,14.0,farmer,COLLECT_FERTILIZER,,
HealthStone,91043818,27,1,3,14.0,farmer,WEST,,
HealthStone,91043818,28,1,4,14.0,farmer,COLLECT_FERTILIZER,,
HealthStone,91043818,29,1,5,14.0,farmer,WEST,,
HealthStone,91043818,30,1,6,14.0,farmer,WEST,,
HealthStone,91043818,31,1,7,14.0,farmer,PLACE,SHEEP,
HealthStone,91043818,32,1,8,14.0,farmer,EAST,,
HealthStone,91043818,33,1,9,14.0,farmer,COLLECT_FERTILIZER,,
HealthStone,91043818,34,1,10,14.0,farmer,EAST,,
HealthStone,91043818,35,1,11,14.0,farmer,EAST,,
HealthStone,91043818,36,1,12,14.0,farmer,NORTH,,
HealthStone,91043818,37,1,13,14.0,farmer,COLLECT_FERTILIZER,,
HealthStone,91043818,38,1,14,14.0,farmer,PASS,,
HealthStone,91043818,39,1,15,14.0,farmer,PASS,,
HealthStone,91043818,40,1,16,14.0,farmer,PASS,,
HealthStone,91043818,41,1,17,14.0,farmer,PASS,,
HealthStone,91043818,42,1,18,14.0,farmer,PASS,,
HealthStone,91043818,43,1,19,14.0,farmer,PASS,,
HealthStone,91043818,44,1,20,14.0,farmer,PASS,,
HealthStone,91043818,45,1,21,14.0,farmer,PASS,,
HealthStone,91043818,46,1,22,14.0,farmer,PASS,,
HealthStone,91043818,47,1,23,14.0,farmer,PASS,,
Mohamed,91029473,0,0,0,3000.0,farmer,PASS,,
Mohamed,91029473,1,0,1,22.0,farmer,PASS,,
Mohamed,91029473,1,0,1,22.0,market,HIRE,,
Mohamed,91029473,1,0,1,22.0,market,HIRE,,
Mohamed,91029473,1,0,1,22.0,market,HIRE,,
Mohamed,91029473,1,0,1,22.0,market,HIRE,,
Mohamed,91029473,1,0,1,22.0,market,HIRE,,
Mohamed,91029473,1,0,1,22.0,market,BUY_ANIMAL,COW,2
Mohamed,91029473,1,0,1,22.0,market,BUY_ANIMAL,SHEEP,2
Mohamed,91029473,1,0,1,22.0,market,BUY_SEED,WHEAT,7
Mohamed,91029473,1,0,1,22.0,market,BUY_SEED,MELON,12
Mohamed,91029473,1,0,1,22.0,market,BUY_PRODUCT,WHEAT,5
Mohamed,91029473,2,0,2,50.0,farmer,PICKUP,SHEEP,1
Mohamed,91029473,2,0,2,50.0,hand_0,WEST,,
Mohamed,91029473,2,0,2,50.0,hand_1,NORTH,,
Mohamed,91029473,2,0,2,50.0,hand_2,WEST,,
Mohamed,91029473,2,0,2,50.0,hand_3,WEST,,
Mohamed,91029473,2,0,2,50.0,hand_4,WEST,,
Mohamed,91029473,2,0,2,50.0,market,SELL,WHEAT,1
Mohamed,91029473,3,0,3,22.0,farmer,PICKUP,WHEAT,1
Mohamed,91029473,3,0,3,22.0,hand_0,PICKUP,COW,2
Mohamed,91029473,3,0,3,22.0,hand_1,BUILD_PASTURE,,
Mohamed,91029473,3,0,3,22.0,hand_2,WEST,,
Mohamed,91029473,3,0,3,22.0,hand_3,WEST,,
Mohamed,91029473,3,0,3,22.0,hand_4,WEST,,
Mohamed,91029473,3,0,3,22.0,market,BUY_PRODUCT,WHEAT,1
Mohamed,91029473,4,0,4,50.0,farmer,WEST,,
Mohamed,91029473,4,0,4,50.0,hand_0,PICKUP,SHEEP,1
Mohamed,91029473,4,0,4,50.0,hand_1,WEST,,
Mohamed,91029473,4,0,4,50.0,hand_2,WEST,,
Mohamed,91029473,4,0,4,50.0,hand_3,WEST,,
Mohamed,91029473,4,0,4,50.0,hand_4,WEST,,
Mohamed,91029473,4,0,4,50.0,market,SELL,WHEAT,1
Mohamed,91029473,5,0,5,22.0,farmer,WEST,,
Mohamed,91029473,5,0,5,22.0,hand_0,PICKUP,WHEAT,3
Mohamed,91029473,5,0,5,22.0,hand_1,BUILD_PASTURE,,
Mohamed,91029473,5,0,5,22.0,hand_2,WEST,,
Mohamed,91029473,5,0,5,22.0,hand_3,WEST,,
Mohamed,91029473,5,0,5,22.0,hand_4,WEST,,
Mohamed,91029473,5,0,5,22.0,market,BUY_PRODUCT,WHEAT,1
Mohamed,91029473,6,0,6,22.0,farmer,BUILD_PASTURE,,
Mohamed,91029473,6,0,6,22.0,hand_0,NORTH,,
Mohamed,91029473,6,0,6,22.0,hand_1,NORTH,,
Mohamed,91029473,6,0,6,22.0,hand_2,WEST,,
Mohamed,91029473,6,0,6,22.0,hand_3,NORTH,,
Mohamed,91029473,6,0,6,22.0,hand_4,WEST,,
Mohamed,91029473,7,0,7,22.0,farmer,PLACE,SHEEP,
Mohamed,91029473,7,0,7,22.0,hand_0,BUILD_PASTURE,,
Mohamed,91029473,7,0,7,22.0,hand_1,NORTH,,
Mohamed,91029473,7,0,7,22.0,hand_2,NORTH,,
Mohamed,91029473,7,0,7,22.0,hand_3,NORTH,,
Mohamed,91029473,7,0,7,22.0,hand_4,NORTH,,
Mohamed,91029473,8,0,8,22.0,farmer,FEED,WHEAT,
Mohamed,91029473,8,0,8,22.0,hand_0,PLACE,COW,
Mohamed,91029473,8,0,8,22.0,hand_1,PLANT,MELON,
Mohamed,91029473,8,0,8,22.0,hand_2,PLANT,MELON,
Mohamed,91029473,8,0,8,22.0,hand_3,NORTH,,
Mohamed,91029473,8,0,8,22.0,hand_4,NORTH,,
Mohamed,91029473,9,0,9,22.0,farmer,CARE,,
Mohamed,91029473,9,0,9,22.0,hand_0,FEED,WHEAT,
Mohamed,91029473,9,0,9,22.0,hand_1,WATER,,
Mohamed,91029473,9,0,9,22.0,hand_2,WATER,,
Mohamed,91029473,9,0,9,22.0,hand_3,PLANT,WHEAT,
Mohamed,91029473,9,0,9,22.0,hand_4,PLANT,MELON,
Mohamed,91029473,10,0,10,22.0,farmer,PASS,,
Mohamed,91029473,10,0,10,22.0,hand_0,CARE,,
Mohamed,91029473,10,0,10,22.0,hand_1,NORTH,,
Mohamed,91029473,10,0,10,22.0,hand_2,EAST,,
Mohamed,91029473,10,0,10,22.0,hand_3,WATER,,
Mohamed,91029473,10,0,10,22.0,hand_4,WATER,,
Mohamed,91029473,11,0,11,22.0,farmer,PASS,,
Mohamed,91029473,11,0,11,22.0,hand_0,NORTH,,
Mohamed,91029473,11,0,11,22.0,hand_1,PLANT,MELON,
Mohamed,91029473,11,0,11,22.0,hand_2,EAST,,
Mohamed,91029473,11,0,11,22.0,hand_3,EAST,,
Mohamed,91029473,11,0,11,22.0,hand_4,SOUTH,,
Mohamed,91029473,12,0,12,22.0,farmer,PASS,,
Mohamed,91029473,12,0,12,22.0,hand_0,BUILD_PASTURE,,
Mohamed,91029473,12,0,12,22.0,hand_1,WATER,,
Mohamed,91029473,12,0,12,22.0,hand_2,EAST,,
Mohamed,91029473,12,0,12,22.0,hand_3,PLANT,WHEAT,
Mohamed,91029473,12,0,12,22.0,hand_4,PLANT,MELON,
Mohamed,91029473,13,0,13,22.0,farmer,PASS,,
Mohamed,91029473,13,0,13,22.0,hand_0,PLACE,COW,
Mohamed,91029473,13,0,13,22.0,hand_1,NORTH,,
Mohamed,91029473,13,0,13,22.0,hand_2,EAST,,
Mohamed,91029473,13,0,13,22.0,hand_3,WATER,,
Mohamed,91029473,13,0,13,22.0,hand_4,WATER,,
Mohamed,91029473,14,0,14,22.0,farmer,PASS,,
Mohamed,91029473,14,0,14,22.0,hand_0,FEED,WHEAT,
Mohamed,91029473,14,0,14,22.0,hand_1,PLANT,WHEAT,
Mohamed,91029473,14,0,14,22.0,hand_2,NORTH,,
Mohamed,91029473,14,0,14,22.0,hand_3,EAST,,
Mohamed,91029473,14,0,14,22.0,hand_4,EAST,,
Mohamed,91029473,15,0,15,22.0,farmer,PASS,,
Mohamed,91029473,15,0,15,22.0,hand_0,CARE,,
Mohamed,91029473,15,0,15,22.0,hand_1,WATER,,
Mohamed,91029473,15,0,15,22.0,hand_2,NORTH,,
Mohamed,91029473,15,0,15,22.0,hand_3,PLANT,MELON,
Mohamed,91029473,15,0,15,22.0,hand_4,PLANT,MELON,
Mohamed,91029473,16,0,16,22.0,farmer,PASS,,
Mohamed,91029473,16,0,16,22.0,hand_0,WEST,,
Mohamed,91029473,16,0,16,22.0,hand_1,WEST,,
Mohamed,91029473,16,0,16,22.0,hand_2,NORTH,,
Mohamed,91029473,16,0,16,22.0,hand_3,WATER,,
Mohamed,91029473,16,0,16,22.0,hand_4,WATER,,
Mohamed,91029473,17,0,17,22.0,farmer,PASS,,
Mohamed,91029473,17,0,17,22.0,hand_0,SOUTH,,
Mohamed,91029473,17,0,17,22.0,hand_1,PLANT,WHEAT,
Mohamed,91029473,17,0,17,22.0,hand_2,PLANT,MELON,
Mohamed,91029473,17,0,17,22.0,hand_3,SOUTH,,
Mohamed,91029473,17,0,17,22.0,hand_4,EAST,,
Mohamed,91029473,18,0,18,22.0,farmer,PASS,,
Mohamed,91029473,18,0,18,22.0,hand_0,BUILD_PASTURE,,
Mohamed,91029473,18,0,18,22.0,hand_1,WATER,,
Mohamed,91029473,18,0,18,22.0,hand_2,WATER,,
Mohamed,91029473,18,0,18,22.0,hand_3,PLANT,MELON,
Mohamed,91029473,18,0,18,22.0,hand_4,PLANT,MELON,
Mohamed,91029473,19,0,19,22.0,farmer,PASS,,
Mohamed,91029473,19,0,19,22.0,hand_0,PLACE,SHEEP,
Mohamed,91029473,19,0,19,22.0,hand_1,WEST,,
Mohamed,91029473,19,0,19,22.0,hand_2,NORTH,,
Mohamed,91029473,19,0,19,22.0,hand_3,WATER,,
Mohamed,91029473,19,0,19,22.0,hand_4,WATER,,
Mohamed,91029473,20,0,20,22.0,farmer,PASS,,
Mohamed,91029473,20,0,20,22.0,hand_0,FEED,WHEAT,
Mohamed,91029473,20,0,20,22.0,hand_1,PLANT,WHEAT,
Mohamed,91029473,20,0,20,22.0,hand_2,PLANT,WHEAT,
Mohamed,91029473,20,0,20,22.0,hand_3,WEST,,
Mohamed,91029473,20,0,20,22.0,hand_4,WEST,,
Mohamed,91029473,21,0,21,22.0,farmer,PASS,,
Mohamed,91029473,21,0,21,22.0,hand_0,CARE,,
Mohamed,91029473,21,0,21,22.0,hand_1,WATER,,
Mohamed,91029473,21,0,21,22.0,hand_2,WATER,,
Mohamed,91029473,21,0,21,22.0,hand_3,PLANT,MELON,
Mohamed,91029473,21,0,21,22.0,hand_4,SOUTH,,
Mohamed,91029473,22,0,22,22.0,farmer,PASS,,
Mohamed,91029473,22,0,22,22.0,hand_0,PASS,,
Mohamed,91029473,22,0,22,22.0,hand_1,WEST,,
Mohamed,91029473,22,0,22,22.0,hand_2,PASS,,
Mohamed,91029473,22,0,22,22.0,hand_3,WATER,,
Mohamed,91029473,22,0,22,22.0,hand_4,PLANT,MELON,
Mohamed,91029473,23,0,23,22.0,farmer,PASS,,
Mohamed,91029473,23,0,23,22.0,hand_0,PASS,,
Mohamed,91029473,23,0,23,22.0,hand_1,PLANT,WHEAT,
Mohamed,91029473,23,0,23,22.0,hand_2,PASS,,
Mohamed,91029473,23,0,23,22.0,hand_3,PASS,,
Mohamed,91029473,23,0,23,22.0,hand_4,WATER,,
Mohamed,91029473,24,1,0,22.0,farmer,PASS,,
Mohamed,91029473,24,1,0,22.0,hand_0,PASS,,
Mohamed,91029473,24,1,0,22.0,hand_1,WATER,,
Mohamed,91029473,24,1,0,22.0,hand_2,PASS,,
Mohamed,91029473,24,1,0,22.0,hand_3,PASS,,
Mohamed,91029473,24,1,0,22.0,hand_4,PASS,,
Mohamed,91029473,25,1,1,22.0,farmer,PASS,,
Mohamed,91029473,26,1,2,22.0,farmer,PICKUP,WHEAT,1
Mohamed,91029473,27,1,3,22.0,farmer,NORTH,,
Mohamed,91029473,28,1,4,22.0,farmer,FEED,WHEAT,
Mohamed,91029473,29,1,5,22.0,farmer,CARE,,
Mohamed,91029473,30,1,6,22.0,farmer,COLLECT_FERTILIZER,,
Mohamed,91029473,31,1,7,22.0,farmer,NORTH,,
Mohamed,91029473,32,1,8,22.0,farmer,CARE,,
Mohamed,91029473,33,1,9,22.0,farmer,COLLECT_FERTILIZER,,
Mohamed,91029473,34,1,10,22.0,farmer,WEST,,
Mohamed,91029473,35,1,11,22.0,farmer,SOUTH,,
Mohamed,91029473,36,1,12,22.0,farmer,CARE,,
Mohamed,91029473,37,1,13,22.0,farmer,COLLECT_FERTILIZER,,
Mohamed,91029473,38,1,14,22.0,farmer,WEST,,
Mohamed,91029473,39,1,15,22.0,farmer,SOUTH,,
Mohamed,91029473,40,1,16,22.0,farmer,CARE,,
Mohamed,91029473,41,1,17,22.0,farmer,COLLECT_FERTILIZER,,
Mohamed,91029473,42,1,18,22.0,farmer,PASS,,
Mohamed,91029473,43,1,19,22.0,farmer,PASS,,
Mohamed,91029473,44,1,20,22.0,farmer,PASS,,
Mohamed,91029473,45,1,21,22.0,farmer,PASS,,
Mohamed,91029473,46,1,22,22.0,farmer,PASS,,
Mohamed,91029473,47,1,23,22.0,farmer,PASS,,
Mohamed,91030358,0,0,0,3000.0,farmer,PASS,,
Mohamed,91030358,1,0,1,22.0,farmer,PASS,,
Mohamed,91030358,1,0,1,22.0,market,HIRE,,
Mohamed,91030358,1,0,1,22.0,market,HIRE,,
Mohamed,91030358,1,0,1,22.0,market,HIRE,,
Mohamed,91030358,1,0,1,22.0,market,HIRE,,
Mohamed,91030358,1,0,1,22.0,market,HIRE,,
Mohamed,91030358,1,0,1,22.0,market,BUY_ANIMAL,COW,2
Mohamed,91030358,1,0,1,22.0,market,BUY_ANIMAL,SHEEP,2
Mohamed,91030358,1,0,1,22.0,market,BUY_SEED,WHEAT,7
Mohamed,91030358,1,0,1,22.0,market,BUY_SEED,MELON,12
Mohamed,91030358,1,0,1,22.0,market,BUY_PRODUCT,WHEAT,5
Mohamed,91030358,2,0,2,50.0,farmer,PICKUP,SHEEP,1
Mohamed,91030358,2,0,2,50.0,hand_0,WEST,,
Mohamed,91030358,2,0,2,50.0,hand_1,NORTH,,
Mohamed,91030358,2,0,2,50.0,hand_2,WEST,,
Mohamed,91030358,2,0,2,50.0,hand_3,WEST,,
Mohamed,91030358,2,0,2,50.0,hand_4,WEST,,
Mohamed,91030358,2,0,2,50.0,market,SELL,WHEAT,1
Mohamed,91030358,3,0,3,22.0,farmer,PICKUP,WHEAT,1
Mohamed,91030358,3,0,3,22.0,hand_0,PICKUP,COW,2
Mohamed,91030358,3,0,3,22.0,hand_1,BUILD_PASTURE,,
Mohamed,91030358,3,0,3,22.0,hand_2,WEST,,
Mohamed,91030358,3,0,3,22.0,hand_3,WEST,,
Mohamed,91030358,3,0,3,22.0,hand_4,WEST,,
Mohamed,91030358,3,0,3,22.0,market,BUY_PRODUCT,WHEAT,1
Mohamed,91030358,4,0,4,50.0,farmer,WEST,,
Mohamed,91030358,4,0,4,50.0,hand_0,PICKUP,SHEEP,1
Mohamed,91030358,4,0,4,50.0,hand_1,WEST,,
Mohamed,91030358,4,0,4,50.0,hand_2,WEST,,
Mohamed,91030358,4,0,4,50.0,hand_3,WEST,,
Mohamed,91030358,4,0,4,50.0,hand_4,WEST,,
Mohamed,91030358,4,0,4,50.0,market,SELL,WHEAT,1
Mohamed,91030358,5,0,5,22.0,farmer,WEST,,
Mohamed,91030358,5,0,5,22.0,hand_0,PICKUP,WHEAT,3
Mohamed,91030358,5,0,5,22.0,hand_1,BUILD_PASTURE,,
Mohamed,91030358,5,0,5,22.0,hand_2,WEST,,
Mohamed,91030358,5,0,5,22.0,hand_3,WEST,,
Mohamed,91030358,5,0,5,22.0,hand_4,WEST,,
Mohamed,91030358,5,0,5,22.0,market,BUY_PRODUCT,WHEAT,1
Mohamed,91030358,6,0,6,22.0,farmer,BUILD_PASTURE,,
Mohamed,91030358,6,0,6,22.0,hand_0,NORTH,,
Mohamed,91030358,6,0,6,22.0,hand_1,NORTH,,
Mohamed,91030358,6,0,6,22.0,hand_2,WEST,,
Mohamed,91030358,6,0,6,22.0,hand_3,NORTH,,
Mohamed,91030358,6,0,6,22.0,hand_4,WEST,,
Mohamed,91030358,7,0,7,22.0,farmer,PLACE,SHEEP,
Mohamed,91030358,7,0,7,22.0,hand_0,BUILD_PASTURE,,
Mohamed,91030358,7,0,7,22.0,hand_1,NORTH,,
Mohamed,91030358,7,0,7,22.0,hand_2,NORTH,,
Mohamed,91030358,7,0,7,22.0,hand_3,NORTH,,
Mohamed,91030358,7,0,7,22.0,hand_4,NORTH,,
Mohamed,91030358,8,0,8,22.0,farmer,FEED,WHEAT,
Mohamed,91030358,8,0,8,22.0,hand_0,PLACE,COW,
Mohamed,91030358,8,0,8,22.0,hand_1,PLANT,MELON,
Mohamed,91030358,8,0,8,22.0,hand_2,PLANT,MELON,
Mohamed,91030358,8,0,8,22.0,hand_3,NORTH,,
Mohamed,91030358,8,0,8,22.0,hand_4,NORTH,,
Mohamed,91030358,9,0,9,22.0,farmer,CARE,,
Mohamed,91030358,9,0,9,22.0,hand_0,FEED,WHEAT,
Mohamed,91030358,9,0,9,22.0,hand_1,WATER,,
Mohamed,91030358,9,0,9,22.0,hand_2,WATER,,
Mohamed,91030358,9,0,9,22.0,hand_3,PLANT,WHEAT,
Mohamed,91030358,9,0,9,22.0,hand_4,PLANT,MELON,
Mohamed,91030358,10,0,10,22.0,farmer,PASS,,
Mohamed,91030358,10,0,10,22.0,hand_0,CARE,,
Mohamed,91030358,10,0,10,22.0,hand_1,NORTH,,
Mohamed,91030358,10,0,10,22.0,hand_2,EAST,,
Mohamed,91030358,10,0,10,22.0,hand_3,WATER,,
Mohamed,91030358,10,0,10,22.0,hand_4,WATER,,
Mohamed,91030358,11,0,11,22.0,farmer,PASS,,
Mohamed,91030358,11,0,11,22.0,hand_0,NORTH,,
Mohamed,91030358,11,0,11,22.0,hand_1,PLANT,MELON,
Mohamed,91030358,11,0,11,22.0,hand_2,EAST,,
Mohamed,91030358,11,0,11,22.0,hand_3,EAST,,
Mohamed,91030358,11,0,11,22.0,hand_4,SOUTH,,
Mohamed,91030358,12,0,12,22.0,farmer,PASS,,
Mohamed,91030358,12,0,12,22.0,hand_0,BUILD_PASTURE,,
Mohamed,91030358,12,0,12,22.0,hand_1,WATER,,
Mohamed,91030358,12,0,12,22.0,hand_2,EAST,,
Mohamed,91030358,12,0,12,22.0,hand_3,PLANT,WHEAT,
Mohamed,91030358,12,0,12,22.0,hand_4,PLANT,MELON,
Mohamed,91030358,13,0,13,22.0,farmer,PASS,,
Mohamed,91030358,13,0,13,22.0,hand_0,PLACE,COW,
Mohamed,91030358,13,0,13,22.0,hand_1,NORTH,,
Mohamed,91030358,13,0,13,22.0,hand_2,EAST,,
Mohamed,91030358,13,0,13,22.0,hand_3,WATER,,
Mohamed,91030358,13,0,13,22.0,hand_4,WATER,,
Mohamed,91030358,14,0,14,22.0,farmer,PASS,,
Mohamed,91030358,14,0,14,22.0,hand_0,FEED,WHEAT,
Mohamed,91030358,14,0,14,22.0,hand_1,PLANT,WHEAT,
Mohamed,91030358,14,0,14,22.0,hand_2,NORTH,,
Mohamed,91030358,14,0,14,22.0,hand_3,EAST,,
Mohamed,91030358,14,0,14,22.0,hand_4,EAST,,
Mohamed,91030358,15,0,15,22.0,farmer,PASS,,
Mohamed,91030358,15,0,15,22.0,hand_0,CARE,,
Mohamed,91030358,15,0,15,22.0,hand_1,WATER,,
Mohamed,91030358,15,0,15,22.0,hand_2,NORTH,,
Mohamed,91030358,15,0,15,22.0,hand_3,PLANT,MELON,
Mohamed,91030358,15,0,15,22.0,hand_4,PLANT,MELON,
Mohamed,91030358,16,0,16,22.0,farmer,PASS,,
Mohamed,91030358,16,0,16,22.0,hand_0,WEST,,
Mohamed,91030358,16,0,16,22.0,hand_1,WEST,,
Mohamed,91030358,16,0,16,22.0,hand_2,NORTH,,
Mohamed,91030358,16,0,16,22.0,hand_3,WATER,,
Mohamed,91030358,16,0,16,22.0,hand_4,WATER,,
Mohamed,91030358,17,0,17,22.0,farmer,PASS,,
Mohamed,91030358,17,0,17,22.0,hand_0,SOUTH,,
Mohamed,91030358,17,0,17,22.0,hand_1,PLANT,WHEAT,
Mohamed,91030358,17,0,17,22.0,hand_2,PLANT,MELON,
Mohamed,91030358,17,0,17,22.0,hand_3,SOUTH,,
Mohamed,91030358,17,0,17,22.0,hand_4,EAST,,
Mohamed,91030358,18,0,18,22.0,farmer,PASS,,
Mohamed,91030358,18,0,18,22.0,hand_0,BUILD_PASTURE,,
Mohamed,91030358,18,0,18,22.0,hand_1,WATER,,
Mohamed,91030358,18,0,18,22.0,hand_2,WATER,,
Mohamed,91030358,18,0,18,22.0,hand_3,PLANT,MELON,
Mohamed,91030358,18,0,18,22.0,hand_4,PLANT,MELON,
Mohamed,91030358,19,0,19,22.0,farmer,PASS,,
Mohamed,91030358,19,0,19,22.0,hand_0,PLACE,SHEEP,
Mohamed,91030358,19,0,19,22.0,hand_1,WEST,,
Mohamed,91030358,19,0,19,22.0,hand_2,NORTH,,
Mohamed,91030358,19,0,19,22.0,hand_3,WATER,,
Mohamed,91030358,19,0,19,22.0,hand_4,WATER,,
Mohamed,91030358,20,0,20,22.0,farmer,PASS,,
Mohamed,91030358,20,0,20,22.0,hand_0,FEED,WHEAT,
Mohamed,91030358,20,0,20,22.0,hand_1,PLANT,WHEAT,
Mohamed,91030358,20,0,20,22.0,hand_2,PLANT,WHEAT,
Mohamed,91030358,20,0,20,22.0,hand_3,WEST,,
Mohamed,91030358,20,0,20,22.0,hand_4,WEST,,
Mohamed,91030358,21,0,21,22.0,farmer,PASS,,
Mohamed,91030358,21,0,21,22.0,hand_0,CARE,,
Mohamed,91030358,21,0,21,22.0,hand_1,WATER,,
Mohamed,91030358,21,0,21,22.0,hand_2,WATER,,
Mohamed,91030358,21,0,21,22.0,hand_3,PLANT,MELON,
Mohamed,91030358,21,0,21,22.0,hand_4,SOUTH,,
Mohamed,91030358,22,0,22,22.0,farmer,PASS,,
Mohamed,91030358,22,0,22,22.0,hand_0,PASS,,
Mohamed,91030358,22,0,22,22.0,hand_1,WEST,,
Mohamed,91030358,22,0,22,22.0,hand_2,PASS,,
Mohamed,91030358,22,0,22,22.0,hand_3,WATER,,
Mohamed,91030358,22,0,22,22.0,hand_4,PLANT,MELON,
Mohamed,91030358,23,0,23,22.0,farmer,PASS,,
Mohamed,91030358,23,0,23,22.0,hand_0,PASS,,
Mohamed,91030358,23,0,23,22.0,hand_1,PLANT,WHEAT,
Mohamed,91030358,23,0,23,22.0,hand_2,PASS,,
Mohamed,91030358,23,0,23,22.0,hand_3,PASS,,
Mohamed,91030358,23,0,23,22.0,hand_4,WATER,,
Mohamed,91030358,24,1,0,22.0,farmer,PASS,,
Mohamed,91030358,24,1,0,22.0,hand_0,PASS,,
Mohamed,91030358,24,1,0,22.0,hand_1,WATER,,
Mohamed,91030358,24,1,0,22.0,hand_2,PASS,,
Mohamed,91030358,24,1,0,22.0,hand_3,PASS,,
Mohamed,91030358,24,1,0,22.0,hand_4,PASS,,
Mohamed,91030358,25,1,1,22.0,farmer,PASS,,
Mohamed,91030358,26,1,2,22.0,farmer,PICKUP,WHEAT,1
Mohamed,91030358,27,1,3,22.0,farmer,NORTH,,
Mohamed,91030358,28,1,4,22.0,farmer,FEED,WHEAT,
Mohamed,91030358,29,1,5,22.0,farmer,CARE,,
Mohamed,91030358,30,1,6,22.0,farmer,COLLECT_FERTILIZER,,
Mohamed,91030358,31,1,7,22.0,farmer,NORTH,,
Mohamed,91030358,32,1,8,22.0,farmer,CARE,,
Mohamed,91030358,33,1,9,22.0,farmer,COLLECT_FERTILIZER,,
Mohamed,91030358,34,1,10,22.0,farmer,WEST,,
Mohamed,91030358,35,1,11,22.0,farmer,SOUTH,,
Mohamed,91030358,36,1,12,22.0,farmer,CARE,,
Mohamed,91030358,37,1,13,22.0,farmer,COLLECT_FERTILIZER,,
Mohamed,91030358,38,1,14,22.0,farmer,WEST,,
Mohamed,91030358,39,1,15,22.0,farmer,SOUTH,,
Mohamed,91030358,40,1,16,22.0,farmer,CARE,,
Mohamed,91030358,41,1,17,22.0,farmer,COLLECT_FERTILIZER,,
Mohamed,91030358,42,1,18,22.0,farmer,PASS,,
Mohamed,91030358,43,1,19,22.0,farmer,PASS,,
Mohamed,91030358,44,1,20,22.0,farmer,PASS,,
Mohamed,91030358,45,1,21,22.0,farmer,PASS,,
Mohamed,91030358,46,1,22,22.0,farmer,PASS,,
Mohamed,91030358,47,1,23,22.0,farmer,PASS,,
Mohamed,91033711,0,0,0,3000.0,farmer,PASS,,
Mohamed,91033711,1,0,1,22.0,farmer,PASS,,
Mohamed,91033711,1,0,1,22.0,market,HIRE,,
Mohamed,91033711,1,0,1,22.0,market,HIRE,,
Mohamed,91033711,1,0,1,22.0,market,HIRE,,
Mohamed,91033711,1,0,1,22.0,market,HIRE,,
Mohamed,91033711,1,0,1,22.0,market,HIRE,,
Mohamed,91033711,1,0,1,22.0,market,BUY_ANIMAL,COW,2
Mohamed,91033711,1,0,1,22.0,market,BUY_ANIMAL,SHEEP,2
Mohamed,91033711,1,0,1,22.0,market,BUY_SEED,WHEAT,7
Mohamed,91033711,1,0,1,22.0,market,BUY_SEED,MELON,12
Mohamed,91033711,1,0,1,22.0,market,BUY_PRODUCT,WHEAT,5
Mohamed,91033711,2,0,2,50.0,farmer,PICKUP,SHEEP,1
Mohamed,91033711,2,0,2,50.0,hand_0,WEST,,
Mohamed,91033711,2,0,2,50.0,hand_1,NORTH,,
Mohamed,91033711,2,0,2,50.0,hand_2,WEST,,
Mohamed,91033711,2,0,2,50.0,hand_3,WEST,,
Mohamed,91033711,2,0,2,50.0,hand_4,WEST,,
Mohamed,91033711,2,0,2,50.0,market,SELL,WHEAT,1
Mohamed,91033711,3,0,3,22.0,farmer,PICKUP,WHEAT,1
Mohamed,91033711,3,0,3,22.0,hand_0,PICKUP,COW,2
Mohamed,91033711,3,0,3,22.0,hand_1,BUILD_PASTURE,,
Mohamed,91033711,3,0,3,22.0,hand_2,WEST,,
Mohamed,91033711,3,0,3,22.0,hand_3,WEST,,
Mohamed,91033711,3,0,3,22.0,hand_4,WEST,,
Mohamed,91033711,3,0,3,22.0,market,BUY_PRODUCT,WHEAT,1
Mohamed,91033711,4,0,4,50.0,farmer,WEST,,
Mohamed,91033711,4,0,4,50.0,hand_0,PICKUP,SHEEP,1
Mohamed,91033711,4,0,4,50.0,hand_1,WEST,,
Mohamed,91033711,4,0,4,50.0,hand_2,WEST,,
Mohamed,91033711,4,0,4,50.0,hand_3,WEST,,
Mohamed,91033711,4,0,4,50.0,hand_4,WEST,,
Mohamed,91033711,4,0,4,50.0,market,SELL,WHEAT,1
Mohamed,91033711,5,0,5,22.0,farmer,WEST,,
Mohamed,91033711,5,0,5,22.0,hand_0,PICKUP,WHEAT,3
Mohamed,91033711,5,0,5,22.0,hand_1,BUILD_PASTURE,,
Mohamed,91033711,5,0,5,22.0,hand_2,WEST,,
Mohamed,91033711,5,0,5,22.0,hand_3,WEST,,
Mohamed,91033711,5,0,5,22.0,hand_4,WEST,,
Mohamed,91033711,5,0,5,22.0,market,BUY_PRODUCT,WHEAT,1
Mohamed,91033711,6,0,6,22.0,farmer,BUILD_PASTURE,,
Mohamed,91033711,6,0,6,22.0,hand_0,NORTH,,
Mohamed,91033711,6,0,6,22.0,hand_1,NORTH,,
Mohamed,91033711,6,0,6,22.0,hand_2,WEST,,
Mohamed,91033711,6,0,6,22.0,hand_3,NORTH,,
Mohamed,91033711,6,0,6,22.0,hand_4,WEST,,
Mohamed,91033711,7,0,7,22.0,farmer,PLACE,SHEEP,
Mohamed,91033711,7,0,7,22.0,hand_0,BUILD_PASTURE,,
Mohamed,91033711,7,0,7,22.0,hand_1,NORTH,,
Mohamed,91033711,7,0,7,22.0,hand_2,NORTH,,
Mohamed,91033711,7,0,7,22.0,hand_3,NORTH,,
Mohamed,91033711,7,0,7,22.0,hand_4,NORTH,,
Mohamed,91033711,8,0,8,22.0,farmer,FEED,WHEAT,
Mohamed,91033711,8,0,8,22.0,hand_0,PLACE,COW,
Mohamed,91033711,8,0,8,22.0,hand_1,PLANT,MELON,
Mohamed,91033711,8,0,8,22.0,hand_2,PLANT,MELON,
Mohamed,91033711,8,0,8,22.0,hand_3,NORTH,,
Mohamed,91033711,8,0,8,22.0,hand_4,NORTH,,
Mohamed,91033711,9,0,9,22.0,farmer,CARE,,
Mohamed,91033711,9,0,9,22.0,hand_0,FEED,WHEAT,
Mohamed,91033711,9,0,9,22.0,hand_1,WATER,,
Mohamed,91033711,9,0,9,22.0,hand_2,WATER,,
Mohamed,91033711,9,0,9,22.0,hand_3,PLANT,WHEAT,
Mohamed,91033711,9,0,9,22.0,hand_4,PLANT,MELON,
Mohamed,91033711,10,0,10,22.0,farmer,PASS,,
Mohamed,91033711,10,0,10,22.0,hand_0,CARE,,
Mohamed,91033711,10,0,10,22.0,hand_1,NORTH,,
Mohamed,91033711,10,0,10,22.0,hand_2,EAST,,
Mohamed,91033711,10,0,10,22.0,hand_3,WATER,,
Mohamed,91033711,10,0,10,22.0,hand_4,WATER,,
Mohamed,91033711,11,0,11,22.0,farmer,PASS,,
Mohamed,91033711,11,0,11,22.0,hand_0,NORTH,,
Mohamed,91033711,11,0,11,22.0,hand_1,PLANT,MELON,
Mohamed,91033711,11,0,11,22.0,hand_2,EAST,,
Mohamed,91033711,11,0,11,22.0,hand_3,EAST,,
Mohamed,91033711,11,0,11,22.0,hand_4,SOUTH,,
Mohamed,91033711,12,0,12,22.0,farmer,PASS,,
Mohamed,91033711,12,0,12,22.0,hand_0,BUILD_PASTURE,,
Mohamed,91033711,12,0,12,22.0,hand_1,WATER,,
Mohamed,91033711,12,0,12,22.0,hand_2,EAST,,
Mohamed,91033711,12,0,12,22.0,hand_3,PLANT,WHEAT,
Mohamed,91033711,12,0,12,22.0,hand_4,PLANT,MELON,
Mohamed,91033711,13,0,13,22.0,farmer,PASS,,
Mohamed,91033711,13,0,13,22.0,hand_0,PLACE,COW,
Mohamed,91033711,13,0,13,22.0,hand_1,NORTH,,
Mohamed,91033711,13,0,13,22.0,hand_2,EAST,,
Mohamed,91033711,13,0,13,22.0,hand_3,WATER,,
Mohamed,91033711,13,0,13,22.0,hand_4,WATER,,
Mohamed,91033711,14,0,14,22.0,farmer,PASS,,
Mohamed,91033711,14,0,14,22.0,hand_0,FEED,WHEAT,
Mohamed,91033711,14,0,14,22.0,hand_1,PLANT,WHEAT,
Mohamed,91033711,14,0,14,22.0,hand_2,NORTH,,
Mohamed,91033711,14,0,14,22.0,hand_3,EAST,,
Mohamed,91033711,14,0,14,22.0,hand_4,EAST,,
Mohamed,91033711,15,0,15,22.0,farmer,PASS,,
Mohamed,91033711,15,0,15,22.0,hand_0,CARE,,
Mohamed,91033711,15,0,15,22.0,hand_1,WATER,,
Mohamed,91033711,15,0,15,22.0,hand_2,NORTH,,
Mohamed,91033711,15,0,15,22.0,hand_3,PLANT,MELON,
Mohamed,91033711,15,0,15,22.0,hand_4,PLANT,MELON,
Mohamed,91033711,16,0,16,22.0,farmer,PASS,,
Mohamed,91033711,16,0,16,22.0,hand_0,WEST,,
Mohamed,91033711,16,0,16,22.0,hand_1,WEST,,
Mohamed,91033711,16,0,16,22.0,hand_2,NORTH,,
Mohamed,91033711,16,0,16,22.0,hand_3,WATER,,
Mohamed,91033711,16,0,16,22.0,hand_4,WATER,,
Mohamed,91033711,17,0,17,22.0,farmer,PASS,,
Mohamed,91033711,17,0,17,22.0,hand_0,SOUTH,,
Mohamed,91033711,17,0,17,22.0,hand_1,PLANT,WHEAT,
Mohamed,91033711,17,0,17,22.0,hand_2,PLANT,MELON,
Mohamed,91033711,17,0,17,22.0,hand_3,SOUTH,,
Mohamed,91033711,17,0,17,22.0,hand_4,EAST,,
Mohamed,91033711,18,0,18,22.0,farmer,PASS,,
Mohamed,91033711,18,0,18,22.0,hand_0,BUILD_PASTURE,,
Mohamed,91033711,18,0,18,22.0,hand_1,WATER,,
Mohamed,91033711,18,0,18,22.0,hand_2,WATER,,
Mohamed,91033711,18,0,18,22.0,hand_3,PLANT,MELON,
Mohamed,91033711,18,0,18,22.0,hand_4,PLANT,MELON,
Mohamed,91033711,19,0,19,22.0,farmer,PASS,,
Mohamed,91033711,19,0,19,22.0,hand_0,PLACE,SHEEP,
Mohamed,91033711,19,0,19,22.0,hand_1,WEST,,
Mohamed,91033711,19,0,19,22.0,hand_2,NORTH,,
Mohamed,91033711,19,0,19,22.0,hand_3,WATER,,
Mohamed,91033711,19,0,19,22.0,hand_4,WATER,,
Mohamed,91033711,20,0,20,22.0,farmer,PASS,,
Mohamed,91033711,20,0,20,22.0,hand_0,FEED,WHEAT,
Mohamed,91033711,20,0,20,22.0,hand_1,PLANT,WHEAT,
Mohamed,91033711,20,0,20,22.0,hand_2,PLANT,WHEAT,
Mohamed,91033711,20,0,20,22.0,hand_3,WEST,,
Mohamed,91033711,20,0,20,22.0,hand_4,WEST,,
Mohamed,91033711,21,0,21,22.0,farmer,PASS,,
Mohamed,91033711,21,0,21,22.0,hand_0,CARE,,
Mohamed,91033711,21,0,21,22.0,hand_1,WATER,,
Mohamed,91033711,21,0,21,22.0,hand_2,WATER,,
Mohamed,91033711,21,0,21,22.0,hand_3,PLANT,MELON,
Mohamed,91033711,21,0,21,22.0,hand_4,SOUTH,,
Mohamed,91033711,22,0,22,22.0,farmer,PASS,,
Mohamed,91033711,22,0,22,22.0,hand_0,PASS,,
Mohamed,91033711,22,0,22,22.0,hand_1,WEST,,
Mohamed,91033711,22,0,22,22.0,hand_2,PASS,,
Mohamed,91033711,22,0,22,22.0,hand_3,WATER,,
Mohamed,91033711,22,0,22,22.0,hand_4,PLANT,MELON,
Mohamed,91033711,23,0,23,22.0,farmer,PASS,,
Mohamed,91033711,23,0,23,22.0,hand_0,PASS,,
Mohamed,91033711,23,0,23,22.0,hand_1,PLANT,WHEAT,
Mohamed,91033711,23,0,23,22.0,hand_2,PASS,,
Mohamed,91033711,23,0,23,22.0,hand_3,PASS,,
Mohamed,91033711,23,0,23,22.0,hand_4,WATER,,
Mohamed,91033711,24,1,0,22.0,farmer,PASS,,
Mohamed,91033711,24,1,0,22.0,hand_0,PASS,,
Mohamed,91033711,24,1,0,22.0,hand_1,WATER,,
Mohamed,91033711,24,1,0,22.0,hand_2,PASS,,
Mohamed,91033711,24,1,0,22.0,hand_3,PASS,,
Mohamed,91033711,24,1,0,22.0,hand_4,PASS,,
Mohamed,91033711,25,1,1,22.0,farmer,PASS,,
Mohamed,91033711,26,1,2,22.0,farmer,PICKUP,WHEAT,1
Mohamed,91033711,27,1,3,22.0,farmer,NORTH,,
Mohamed,91033711,28,1,4,22.0,farmer,FEED,WHEAT,
Mohamed,91033711,29,1,5,22.0,farmer,CARE,,
Mohamed,91033711,30,1,6,22.0,farmer,COLLECT_FERTILIZER,,
Mohamed,91033711,31,1,7,22.0,farmer,NORTH,,
Mohamed,91033711,32,1,8,22.0,farmer,CARE,,
Mohamed,91033711,33,1,9,22.0,farmer,COLLECT_FERTILIZER,,
Mohamed,91033711,34,1,10,22.0,farmer,WEST,,
Mohamed,91033711,35,1,11,22.0,farmer,SOUTH,,
Mohamed,91033711,36,1,12,22.0,farmer,CARE,,
Mohamed,91033711,37,1,13,22.0,farmer,COLLECT_FERTILIZER,,
Mohamed,91033711,38,1,14,22.0,farmer,WEST,,
Mohamed,91033711,39,1,15,22.0,farmer,SOUTH,,
Mohamed,91033711,40,1,16,22.0,farmer,CARE,,
Mohamed,91033711,41,1,17,22.0,farmer,COLLECT_FERTILIZER,,
Mohamed,91033711,42,1,18,22.0,farmer,PASS,,
Mohamed,91033711,43,1,19,22.0,farmer,PASS,,
Mohamed,91033711,44,1,20,22.0,farmer,PASS,,
Mohamed,91033711,45,1,21,22.0,farmer,PASS,,
Mohamed,91033711,46,1,22,22.0,farmer,PASS,,
Mohamed,91033711,47,1,23,22.0,farmer,PASS,,
Seb,90997714,0,0,0,3000.0,farmer,PASS,,
Seb,90997714,1,0,1,1807.0,farmer,BUILD_PASTURE,,
Seb,90997714,1,0,1,1807.0,market,HIRE,,
Seb,90997714,1,0,1,1807.0,market,HIRE,,
Seb,90997714,1,0,1,1807.0,market,HIRE,,
Seb,90997714,1,0,1,1807.0,market,HIRE,,
Seb,90997714,1,0,1,1807.0,market,HIRE,,
Seb,90997714,1,0,1,1807.0,market,HIRE,,
Seb,90997714,1,0,1,1807.0,market,HIRE,,
Seb,90997714,1,0,1,1807.0,market,BUY_SEED,MELON,3
Seb,90997714,1,0,1,1807.0,market,BUY_SEED,WHEAT,12
Seb,90997714,1,0,1,1807.0,market,BUY_ANIMAL,COW,2
Seb,90997714,2,0,2,787.0,farmer,PICKUP,COW,2
Seb,90997714,2,0,2,787.0,hand_0,WEST,,
Seb,90997714,2,0,2,787.0,hand_1,NORTH,,
Seb,90997714,2,0,2,787.0,hand_2,PASS,,
Seb,90997714,2,0,2,787.0,hand_3,NORTH,,
Seb,90997714,2,0,2,787.0,hand_4,WEST,,
Seb,90997714,2,0,2,787.0,hand_5,NORTH,,
Seb,90997714,2,0,2,787.0,hand_6,PASS,,
Seb,90997714,2,0,2,787.0,market,BUY_SEED,WHEAT,2
Seb,90997714,2,0,2,787.0,market,BUY_ANIMAL,SHEEP,2
Seb,90997714,3,0,3,787.0,farmer,DROP,,
Seb,90997714,3,0,3,787.0,hand_0,NORTH,,
Seb,90997714,3,0,3,787.0,hand_1,NORTH,,
Seb,90997714,3,0,3,787.0,hand_2,PASS,,
Seb,90997714,3,0,3,787.0,hand_3,BUILD_PASTURE,,
Seb,90997714,3,0,3,787.0,hand_4,NORTH,,
Seb,90997714,3,0,3,787.0,hand_5,WEST,,
Seb,90997714,3,0,3,787.0,hand_6,PASS,,
Seb,90997714,4,0,4,787.0,farmer,PICKUP,SHEEP,2
Seb,90997714,4,0,4,787.0,hand_0,NORTH,,
Seb,90997714,4,0,4,787.0,hand_1,NORTH,,
Seb,90997714,4,0,4,787.0,hand_2,PASS,,
Seb,90997714,4,0,4,787.0,hand_3,WEST,,
Seb,90997714,4,0,4,787.0,hand_4,NORTH,,
Seb,90997714,4,0,4,787.0,hand_5,PLANT,WHEAT,
Seb,90997714,4,0,4,787.0,hand_6,PASS,,
Seb,90997714,5,0,5,787.0,farmer,PLACE,SHEEP,
Seb,90997714,5,0,5,787.0,hand_0,PLANT,MELON,
Seb,90997714,5,0,5,787.0,hand_1,NORTH,,
Seb,90997714,5,0,5,787.0,hand_2,PASS,,
Seb,90997714,5,0,5,787.0,hand_3,BUILD_PASTURE,,
Seb,90997714,5,0,5,787.0,hand_4,NORTH,,
Seb,90997714,5,0,5,787.0,hand_5,WATER,,
Seb,90997714,5,0,5,787.0,hand_6,PASS,,
Seb,90997714,6,0,6,759.0,farmer,NORTH,,
Seb,90997714,6,0,6,759.0,hand_0,WATER,,
Seb,90997714,6,0,6,759.0,hand_1,PLANT,MELON,
Seb,90997714,6,0,6,759.0,hand_2,PASS,,
Seb,90997714,6,0,6,759.0,hand_3,NORTH,,
Seb,90997714,6,0,6,759.0,hand_4,WEST,,
Seb,90997714,6,0,6,759.0,hand_5,WEST,,
Seb,90997714,6,0,6,759.0,hand_6,PASS,,
Seb,90997714,6,0,6,759.0,market,BUY_PRODUCT,WHEAT,1
Seb,90997714,7,0,7,759.0,farmer,PLACE,SHEEP,
Seb,90997714,7,0,7,759.0,hand_0,SOUTH,,
Seb,90997714,7,0,7,759.0,hand_1,WATER,,
Seb,90997714,7,0,7,759.0,hand_2,PASS,,
Seb,90997714,7,0,7,759.0,hand_3,BUILD_PASTURE,,
Seb,90997714,7,0,7,759.0,hand_4,PLANT,MELON,
Seb,90997714,7,0,7,759.0,hand_5,PLANT,WHEAT,
Seb,90997714,7,0,7,759.0,hand_6,PASS,,
Seb,90997714,8,0,8,731.0,farmer,SOUTH,,
Seb,90997714,8,0,8,731.0,hand_0,SOUTH,,
Seb,90997714,8,0,8,731.0,hand_1,NORTH,,
Seb,90997714,8,0,8,731.0,hand_2,PASS,,
Seb,90997714,8,0,8,731.0,hand_3,WEST,,
Seb,90997714,8,0,8,731.0,hand_4,WATER,,
Seb,90997714,8,0,8,731.0,hand_5,WATER,,
Seb,90997714,8,0,8,731.0,hand_6,PASS,,
Seb,90997714,8,0,8,731.0,market,BUY_PRODUCT,WHEAT,1
Seb,90997714,9,0,9,731.0,farmer,PICKUP,COW,2
Seb,90997714,9,0,9,731.0,hand_0,PICKUP,WHEAT,2
Seb,90997714,9,0,9,731.0,hand_1,PLANT,WHEAT,
Seb,90997714,9,0,9,731.0,hand_2,PASS,,
Seb,90997714,9,0,9,731.0,hand_3,BUILD_PASTURE,,
Seb,90997714,9,0,9,731.0,hand_4,NORTH,,
Seb,90997714,9,0,9,731.0,hand_5,WEST,,
Seb,90997714,9,0,9,731.0,hand_6,PASS,,
Seb,90997714,10,0,10,703.0,farmer,NORTH,,
Seb,90997714,10,0,10,703.0,hand_0,FEED,,
Seb,90997714,10,0,10,703.0,hand_1,WATER,,
Seb,90997714,10,0,10,703.0,hand_2,PASS,,
Seb,90997714,10,0,10,703.0,hand_3,NORTH,,
Seb,90997714,10,0,10,703.0,hand_4,PLANT,WHEAT,
Seb,90997714,10,0,10,703.0,hand_5,PLANT,WHEAT,
Seb,90997714,10,0,10,703.0,hand_6,PASS,,
Seb,90997714,10,0,10,703.0,market,BUY_PRODUCT,WHEAT,1
Seb,90997714,11,0,11,703.0,farmer,WEST,,
Seb,90997714,11,0,11,703.0,hand_0,NORTH,,
Seb,90997714,11,0,11,703.0,hand_1,WEST,,
Seb,90997714,11,0,11,703.0,hand_2,PASS,,
Seb,90997714,11,0,11,703.0,hand_3,PLANT,WHEAT,
Seb,90997714,11,0,11,703.0,hand_4,WATER,,
Seb,90997714,11,0,11,703.0,hand_5,WATER,,
Seb,90997714,11,0,11,703.0,hand_6,PASS,,
Seb,90997714,12,0,12,675.0,farmer,PLACE,COW,
Seb,90997714,12,0,12,675.0,hand_0,FEED,,
Seb,90997714,12,0,12,675.0,hand_1,WEST,,
Seb,90997714,12,0,12,675.0,hand_2,PASS,,
Seb,90997714,12,0,12,675.0,hand_3,WATER,,
Seb,90997714,12,0,12,675.0,hand_4,WEST,,
Seb,90997714,12,0,12,675.0,hand_5,WEST,,
Seb,90997714,12,0,12,675.0,hand_6,PASS,,
Seb,90997714,12,0,12,675.0,market,BUY_PRODUCT,WHEAT,1
Seb,90997714,13,0,13,647.0,farmer,NORTH,,
Seb,90997714,13,0,13,647.0,hand_0,CARE,,
Seb,90997714,13,0,13,647.0,hand_1,PLANT,WHEAT,
Seb,90997714,13,0,13,647.0,hand_2,PASS,,
Seb,90997714,13,0,13,647.0,hand_3,WEST,,
Seb,90997714,13,0,13,647.0,hand_4,WEST,,
Seb,90997714,13,0,13,647.0,hand_5,PLANT,WHEAT,
Seb,90997714,13,0,13,647.0,hand_6,PASS,,
Seb,90997714,13,0,13,647.0,market,BUY_PRODUCT,WHEAT,1
Seb,90997714,14,0,14,647.0,farmer,PLACE,COW,
Seb,90997714,14,0,14,647.0,hand_0,SOUTH,,
Seb,90997714,14,0,14,647.0,hand_1,WATER,,
Seb,90997714,14,0,14,647.0,hand_2,PASS,,
Seb,90997714,14,0,14,647.0,hand_3,PLANT,WHEAT,
Seb,90997714,14,0,14,647.0,hand_4,PLANT,WHEAT,
Seb,90997714,14,0,14,647.0,hand_5,WATER,,
Seb,90997714,14,0,14,647.0,hand_6,PASS,,
Seb,90997714,15,0,15,619.0,farmer,SOUTH,,
Seb,90997714,15,0,15,619.0,hand_0,PICKUP,WHEAT,3
Seb,90997714,15,0,15,619.0,hand_1,WEST,,
Seb,90997714,15,0,15,619.0,hand_2,PASS,,
Seb,90997714,15,0,15,619.0,hand_3,WATER,,
Seb,90997714,15,0,15,619.0,hand_4,WATER,,
Seb,90997714,15,0,15,619.0,hand_5,NORTH,,
Seb,90997714,15,0,15,619.0,hand_6,PASS,,
Seb,90997714,15,0,15,619.0,market,BUY_PRODUCT,WHEAT,1
Seb,90997714,16,0,16,619.0,farmer,SOUTH,,
Seb,90997714,16,0,16,619.0,hand_0,NORTH,,
Seb,90997714,16,0,16,619.0,hand_1,WEST,,
Seb,90997714,16,0,16,619.0,hand_2,PASS,,
Seb,90997714,16,0,16,619.0,hand_3,WEST,,
Seb,90997714,16,0,16,619.0,hand_4,SOUTH,,
Seb,90997714,16,0,16,619.0,hand_5,PLANT,WHEAT,
Seb,90997714,16,0,16,619.0,hand_6,PASS,,
Seb,90997714,17,0,17,619.0,farmer,EAST,,
Seb,90997714,17,0,17,619.0,hand_0,WEST,,
Seb,90997714,17,0,17,619.0,hand_1,PLANT,WHEAT,
Seb,90997714,17,0,17,619.0,hand_2,PASS,,
Seb,90997714,17,0,17,619.0,hand_3,PLANT,WHEAT,
Seb,90997714,17,0,17,619.0,hand_4,SOUTH,,
Seb,90997714,17,0,17,619.0,hand_5,WATER,,
Seb,90997714,17,0,17,619.0,hand_6,PASS,,
Seb,90997714,18,0,18,590.0,farmer,CARE,,
Seb,90997714,18,0,18,590.0,hand_0,FEED,,
Seb,90997714,18,0,18,590.0,hand_1,WATER,,
Seb,90997714,18,0,18,590.0,hand_2,PASS,,
Seb,90997714,18,0,18,590.0,hand_3,WATER,,
Seb,90997714,18,0,18,590.0,hand_4,BUILD_PASTURE,,
Seb,90997714,18,0,18,590.0,hand_5,NORTH,,
Seb,90997714,18,0,18,590.0,hand_6,PASS,,
Seb,90997714,18,0,18,590.0,market,BUY_PRODUCT,WHEAT,1
Seb,90997714,19,0,19,590.0,farmer,NORTH,,
Seb,90997714,19,0,19,590.0,hand_0,NORTH,,
Seb,90997714,19,0,19,590.0,hand_1,PASS,,
Seb,90997714,19,0,19,590.0,hand_2,PASS,,
Seb,90997714,19,0,19,590.0,hand_3,SOUTH,,
Seb,90997714,19,0,19,590.0,hand_4,SOUTH,,
Seb,90997714,19,0,19,590.0,hand_5,PLANT,WHEAT,
Seb,90997714,19,0,19,590.0,hand_6,PASS,,
Seb,90997714,20,0,20,561.0,farmer,WEST,,
Seb,90997714,20,0,20,561.0,hand_0,FEED,,
Seb,90997714,20,0,20,561.0,hand_1,PASS,,
Seb,90997714,20,0,20,561.0,hand_2,PASS,,
Seb,90997714,20,0,20,561.0,hand_3,SOUTH,,
Seb,90997714,20,0,20,561.0,hand_4,EAST,,
Seb,90997714,20,0,20,561.0,hand_5,WATER,,
Seb,90997714,20,0,20,561.0,hand_6,PASS,,
Seb,90997714,20,0,20,561.0,market,BUY_PRODUCT,WHEAT,1
Seb,90997714,21,0,21,561.0,farmer,CARE,,
Seb,90997714,21,0,21,561.0,hand_0,CARE,,
Seb,90997714,21,0,21,561.0,hand_1,PASS,,
Seb,90997714,21,0,21,561.0,hand_2,PASS,,
Seb,90997714,21,0,21,561.0,hand_3,EAST,,
Seb,90997714,21,0,21,561.0,hand_4,BUILD_PASTURE,,
Seb,90997714,21,0,21,561.0,hand_5,PASS,,
Seb,90997714,21,0,21,561.0,hand_6,PASS,,
Seb,90997714,22,0,22,561.0,farmer,PASS,,
Seb,90997714,22,0,22,561.0,hand_0,SOUTH,,
Seb,90997714,22,0,22,561.0,hand_1,PASS,,
Seb,90997714,22,0,22,561.0,hand_2,PASS,,
Seb,90997714,22,0,22,561.0,hand_3,BUILD_PASTURE,,
Seb,90997714,22,0,22,561.0,hand_4,PASS,,
Seb,90997714,22,0,22,561.0,hand_5,PASS,,
Seb,90997714,22,0,22,561.0,hand_6,PASS,,
Seb,90997714,23,0,23,561.0,farmer,PASS,,
Seb,90997714,23,0,23,561.0,hand_0,SOUTH,,
Seb,90997714,23,0,23,561.0,hand_1,PASS,,
Seb,90997714,23,0,23,561.0,hand_2,PASS,,
Seb,90997714,23,0,23,561.0,hand_3,PASS,,
Seb,90997714,23,0,23,561.0,hand_4,PASS,,
Seb,90997714,23,0,23,561.0,hand_5,PASS,,
Seb,90997714,23,0,23,561.0,hand_6,PASS,,
Seb,90997714,24,1,0,561.0,farmer,PASS,,
Seb,90997714,24,1,0,561.0,hand_0,EAST,,
Seb,90997714,24,1,0,561.0,hand_1,PASS,,
Seb,90997714,24,1,0,561.0,hand_2,PASS,,
Seb,90997714,24,1,0,561.0,hand_3,PASS,,
Seb,90997714,24,1,0,561.0,hand_4,PASS,,
Seb,90997714,24,1,0,561.0,hand_5,PASS,,
Seb,90997714,24,1,0,561.0,hand_6,PASS,,
Seb,90997714,25,1,1,128.0,farmer,PICKUP,WHEAT,3
Seb,90997714,25,1,1,128.0,market,HIRE,,
Seb,90997714,25,1,1,128.0,market,HIRE,,
Seb,90997714,25,1,1,128.0,market,HIRE,,
Seb,90997714,25,1,1,128.0,market,HIRE,,
Seb,90997714,25,1,1,128.0,market,HIRE,,
Seb,90997714,25,1,1,128.0,market,HIRE,,
Seb,90997714,25,1,1,128.0,market,HIRE,,
Seb,90997714,25,1,1,128.0,market,BUY_ANIMAL,COW,1
Seb,90997714,26,1,2,99.0,farmer,FEED,,
Seb,90997714,26,1,2,99.0,hand_0,WEST,,
Seb,90997714,26,1,2,99.0,hand_1,NORTH,,
Seb,90997714,26,1,2,99.0,hand_2,PASS,,
Seb,90997714,26,1,2,99.0,hand_3,NORTH,,
Seb,90997714,26,1,2,99.0,hand_4,WEST,,
Seb,90997714,26,1,2,99.0,hand_5,NORTH,,
Seb,90997714,26,1,2,99.0,hand_6,PASS,,
Seb,90997714,26,1,2,99.0,market,BUY_PRODUCT,WHEAT,1
Seb,90997714,27,1,3,99.0,farmer,NORTH,,
Seb,90997714,27,1,3,99.0,hand_0,PICKUP,COW,1
Seb,90997714,27,1,3,99.0,hand_1,PICKUP,WHEAT,2
Seb,90997714,27,1,3,99.0,hand_2,PASS,,
Seb,90997714,27,1,3,99.0,hand_3,COLLECT_FERTILIZER,,
Seb,90997714,27,1,3,99.0,hand_4,CARE,,
Seb,90997714,27,1,3,99.0,hand_5,NORTH,,
Seb,90997714,27,1,3,99.0,hand_6,PASS,,
Seb,90997714,28,1,4,99.0,farmer,WEST,,
Seb,90997714,28,1,4,99.0,hand_0,NORTH,,
Seb,90997714,28,1,4,99.0,hand_1,NORTH,,
Seb,90997714,28,1,4,99.0,hand_2,PASS,,
Seb,90997714,28,1,4,99.0,hand_3,SOUTH,,
Seb,90997714,28,1,4,99.0,hand_4,COLLECT_FERTILIZER,,
Seb,90997714,28,1,4,99.0,hand_5,NORTH,,
Seb,90997714,28,1,4,99.0,hand_6,PASS,,
Seb,90997714,29,1,5,241.0,farmer,FEED,,
Seb,90997714,29,1,5,241.0,hand_0,WEST,,
Seb,90997714,29,1,5,241.0,hand_1,FEED,,
Seb,90997714,29,1,5,241.0,hand_2,PASS,,
Seb,90997714,29,1,5,241.0,hand_3,DROP,,
Seb,90997714,29,1,5,241.0,hand_4,DROP,,
Seb,90997714,29,1,5,241.0,hand_5,WEST,,
Seb,90997714,29,1,5,241.0,hand_6,PASS,,
Seb,90997714,29,1,5,241.0,market,SELL,FERTILIZER,2
Seb,90997714,29,1,5,241.0,market,BUY_PRODUCT,WHEAT,2
Seb,90997714,30,1,6,241.0,farmer,NORTH,,
Seb,90997714,30,1,6,241.0,hand_0,WEST,,
Seb,90997714,30,1,6,241.0,hand_1,CARE,,
Seb,90997714,30,1,6,241.0,hand_2,PASS,,
Seb,90997714,30,1,6,241.0,hand_3,PASS,,
Seb,90997714,30,1,6,241.0,hand_4,PASS,,
Seb,90997714,30,1,6,241.0,hand_5,SOUTH,,
Seb,90997714,30,1,6,241.0,hand_6,PASS,,
Seb,90997714,31,1,7,212.0,farmer,FEED,,
Seb,90997714,31,1,7,212.0,hand_0,PLACE,COW,
Seb,90997714,31,1,7,212.0,hand_1,SOUTH,,
Seb,90997714,31,1,7,212.0,hand_2,PASS,,
Seb,90997714,31,1,7,212.0,hand_3,PASS,,
Seb,90997714,31,1,7,212.0,hand_4,PASS,,
Seb,90997714,31,1,7,212.0,hand_5,CARE,,
Seb,90997714,31,1,7,212.0,hand_6,PASS,,
Seb,90997714,31,1,7,212.0,market,BUY_PRODUCT,WHEAT,1
Seb,90997714,32,1,8,183.0,farmer,CARE,,
Seb,90997714,32,1,8,183.0,hand_0,PASS,,
Seb,90997714,32,1,8,183.0,hand_1,DROP,,
Seb,90997714,32,1,8,183.0,hand_2,PASS,,
Seb,90997714,32,1,8,183.0,hand_3,PASS,,
Seb,90997714,32,1,8,183.0,hand_4,PASS,,
Seb,90997714,32,1,8,183.0,hand_5,COLLECT_FERTILIZER,,
Seb,90997714,32,1,8,183.0,hand_6,PASS,,
Seb,90997714,32,1,8,183.0,market,BUY_PRODUCT,WHEAT,1
Seb,90997714,33,1,9,183.0,farmer,COLLECT_FERTILIZER,,
Seb,90997714,33,1,9,183.0,hand_0,PASS,,
Seb,90997714,33,1,9,183.0,hand_1,PICKUP,WHEAT,3
Seb,90997714,33,1,9,183.0,hand_2,PASS,,
Seb,90997714,33,1,9,183.0,hand_3,PASS,,
Seb,90997714,33,1,9,183.0,hand_4,PASS,,
Seb,90997714,33,1,9,183.0,hand_5,SOUTH,,
Seb,90997714,33,1,9,183.0,hand_6,PASS,,
Seb,90997714,34,1,10,183.0,farmer,SOUTH,,
Seb,90997714,34,1,10,183.0,hand_0,PASS,,
Seb,90997714,34,1,10,183.0,hand_1,NORTH,,
Seb,90997714,34,1,10,183.0,hand_2,PASS,,
Seb,90997714,34,1,10,183.0,hand_3,PASS,,
Seb,90997714,34,1,10,183.0,hand_4,PASS,,
Seb,90997714,34,1,10,183.0,hand_5,EAST,,
Seb,90997714,34,1,10,183.0,hand_6,PASS,,
Seb,90997714,35,1,11,283.0,farmer,SOUTH,,
Seb,90997714,35,1,11,283.0,hand_0,PASS,,
Seb,90997714,35,1,11,283.0,hand_1,WEST,,
Seb,90997714,35,1,11,283.0,hand_2,PASS,,
Seb,90997714,35,1,11,283.0,hand_3,PASS,,
Seb,90997714,35,1,11,283.0,hand_4,PASS,,
Seb,90997714,35,1,11,283.0,hand_5,DROP,,
Seb,90997714,35,1,11,283.0,hand_6,PASS,,
Seb,90997714,35,1,11,283.0,market,SELL,FERTILIZER,1
Seb,90997714,36,1,12,283.0,farmer,EAST,,
Seb,90997714,36,1,12,283.0,hand_0,PASS,,
Seb,90997714,36,1,12,283.0,hand_1,WEST,,
Seb,90997714,36,1,12,283.0,hand_2,PASS,,
Seb,90997714,36,1,12,283.0,hand_3,PASS,,
Seb,90997714,36,1,12,283.0,hand_4,PASS,,
Seb,90997714,36,1,12,283.0,hand_5,PASS,,
Seb,90997714,36,1,12,283.0,hand_6,PASS,,
Seb,90997714,37,1,13,352.0,farmer,DROP,,
Seb,90997714,37,1,13,352.0,hand_0,PASS,,
Seb,90997714,37,1,13,352.0,hand_1,FEED,,
Seb,90997714,37,1,13,352.0,hand_2,PASS,,
Seb,90997714,37,1,13,352.0,hand_3,PASS,,
Seb,90997714,37,1,13,352.0,hand_4,PASS,,
Seb,90997714,37,1,13,352.0,hand_5,PASS,,
Seb,90997714,37,1,13,352.0,hand_6,PASS,,
Seb,90997714,37,1,13,352.0,market,SELL,FERTILIZER,1
Seb,90997714,37,1,13,352.0,market,BUY_PRODUCT,WHEAT,1
Seb,90997714,38,1,14,352.0,farmer,PASS,,
Seb,90997714,38,1,14,352.0,hand_0,PASS,,
Seb,90997714,38,1,14,352.0,hand_1,CARE,,
Seb,90997714,38,1,14,352.0,hand_2,PASS,,
Seb,90997714,38,1,14,352.0,hand_3,PASS,,
Seb,90997714,38,1,14,352.0,hand_4,PASS,,
Seb,90997714,38,1,14,352.0,hand_5,PASS,,
Seb,90997714,38,1,14,352.0,hand_6,PASS,,
Seb,90997714,39,1,15,352.0,farmer,PASS,,
Seb,90997714,39,1,15,352.0,hand_0,PASS,,
Seb,90997714,39,1,15,352.0,hand_1,SOUTH,,
Seb,90997714,39,1,15,352.0,hand_2,PASS,,
Seb,90997714,39,1,15,352.0,hand_3,PASS,,
Seb,90997714,39,1,15,352.0,hand_4,PASS,,
Seb,90997714,39,1,15,352.0,hand_5,PASS,,
Seb,90997714,39,1,15,352.0,hand_6,PASS,,
Seb,90997714,40,1,16,352.0,farmer,PASS,,
Seb,90997714,40,1,16,352.0,hand_0,PASS,,
Seb,90997714,40,1,16,352.0,hand_1,EAST,,
Seb,90997714,40,1,16,352.0,hand_2,PASS,,
Seb,90997714,40,1,16,352.0,hand_3,PASS,,
Seb,90997714,40,1,16,352.0,hand_4,PASS,,
Seb,90997714,40,1,16,352.0,hand_5,PASS,,
Seb,90997714,40,1,16,352.0,hand_6,PASS,,
Seb,90997714,41,1,17,352.0,farmer,PASS,,
Seb,90997714,41,1,17,352.0,hand_0,PASS,,
Seb,90997714,41,1,17,352.0,hand_1,EAST,,
Seb,90997714,41,1,17,352.0,hand_2,PASS,,
Seb,90997714,41,1,17,352.0,hand_3,PASS,,
Seb,90997714,41,1,17,352.0,hand_4,PASS,,
Seb,90997714,41,1,17,352.0,hand_5,PASS,,
Seb,90997714,41,1,17,352.0,hand_6,PASS,,
Seb,90997714,42,1,18,352.0,farmer,PASS,,
Seb,90997714,42,1,18,352.0,hand_0,PASS,,
Seb,90997714,42,1,18,352.0,hand_1,DROP,,
Seb,90997714,42,1,18,352.0,hand_2,PASS,,
Seb,90997714,42,1,18,352.0,hand_3,PASS,,
Seb,90997714,42,1,18,352.0,hand_4,PASS,,
Seb,90997714,42,1,18,352.0,hand_5,PASS,,
Seb,90997714,42,1,18,352.0,hand_6,PASS,,
Seb,90997714,43,1,19,352.0,farmer,PASS,,
Seb,90997714,43,1,19,352.0,hand_0,PASS,,
Seb,90997714,43,1,19,352.0,hand_1,PASS,,
Seb,90997714,43,1,19,352.0,hand_2,PASS,,
Seb,90997714,43,1,19,352.0,hand_3,PASS,,
Seb,90997714,43,1,19,352.0,hand_4,PASS,,
Seb,90997714,43,1,19,352.0,hand_5,PASS,,
Seb,90997714,43,1,19,352.0,hand_6,PASS,,
Seb,90997714,44,1,20,352.0,farmer,PASS,,
Seb,90997714,44,1,20,352.0,hand_0,PASS,,
Seb,90997714,44,1,20,352.0,hand_1,PASS,,
Seb,90997714,44,1,20,352.0,hand_2,PASS,,
Seb,90997714,44,1,20,352.0,hand_3,PASS,,
Seb,90997714,44,1,20,352.0,hand_4,PASS,,
Seb,90997714,44,1,20,352.0,hand_5,PASS,,
Seb,90997714,44,1,20,352.0,hand_6,PASS,,
Seb,90997714,45,1,21,352.0,farmer,PASS,,
Seb,90997714,45,1,21,352.0,hand_0,PASS,,
Seb,90997714,45,1,21,352.0,hand_1,PASS,,
Seb,90997714,45,1,21,352.0,hand_2,PASS,,
Seb,90997714,45,1,21,352.0,hand_3,PASS,,
Seb,90997714,45,1,21,352.0,hand_4,PASS,,
Seb,90997714,45,1,21,352.0,hand_5,PASS,,
Seb,90997714,45,1,21,352.0,hand_6,PASS,,
Seb,90997714,46,1,22,352.0,farmer,PASS,,
Seb,90997714,46,1,22,352.0,hand_0,PASS,,
Seb,90997714,46,1,22,352.0,hand_1,PASS,,
Seb,90997714,46,1,22,352.0,hand_2,PASS,,
Seb,90997714,46,1,22,352.0,hand_3,PASS,,
Seb,90997714,46,1,22,352.0,hand_4,PASS,,
Seb,90997714,46,1,22,352.0,hand_5,PASS,,
Seb,90997714,46,1,22,352.0,hand_6,PASS,,
Seb,90997714,47,1,23,352.0,farmer,PASS,,
Seb,90997714,47,1,23,352.0,hand_0,PASS,,
Seb,90997714,47,1,23,352.0,hand_1,PASS,,
Seb,90997714,47,1,23,352.0,hand_2,PASS,,
Seb,90997714,47,1,23,352.0,hand_3,PASS,,
Seb,90997714,47,1,23,352.0,hand_4,PASS,,
Seb,90997714,47,1,23,352.0,hand_5,PASS,,
Seb,90997714,47,1,23,352.0,hand_6,PASS,,
Seb,91016957,0,0,0,3000.0,farmer,PASS,,
Seb,91016957,1,0,1,1807.0,farmer,BUILD_PASTURE,,
Seb,91016957,1,0,1,1807.0,market,HIRE,,
Seb,91016957,1,0,1,1807.0,market,HIRE,,
Seb,91016957,1,0,1,1807.0,market,HIRE,,
Seb,91016957,1,0,1,1807.0,market,HIRE,,
Seb,91016957,1,0,1,1807.0,market,HIRE,,
Seb,91016957,1,0,1,1807.0,market,HIRE,,
Seb,91016957,1,0,1,1807.0,market,HIRE,,
Seb,91016957,1,0,1,1807.0,market,BUY_SEED,MELON,3
Seb,91016957,1,0,1,1807.0,market,BUY_SEED,WHEAT,12
Seb,91016957,1,0,1,1807.0,market,BUY_ANIMAL,COW,2
Seb,91016957,2,0,2,787.0,farmer,PICKUP,COW,2
Seb,91016957,2,0,2,787.0,hand_0,WEST,,
Seb,91016957,2,0,2,787.0,hand_1,NORTH,,
Seb,91016957,2,0,2,787.0,hand_2,PASS,,
Seb,91016957,2,0,2,787.0,hand_3,NORTH,,
Seb,91016957,2,0,2,787.0,hand_4,WEST,,
Seb,91016957,2,0,2,787.0,hand_5,NORTH,,
Seb,91016957,2,0,2,787.0,hand_6,PASS,,
Seb,91016957,2,0,2,787.0,market,BUY_SEED,WHEAT,2
Seb,91016957,2,0,2,787.0,market,BUY_ANIMAL,SHEEP,2
Seb,91016957,3,0,3,787.0,farmer,DROP,,
Seb,91016957,3,0,3,787.0,hand_0,NORTH,,
Seb,91016957,3,0,3,787.0,hand_1,NORTH,,
Seb,91016957,3,0,3,787.0,hand_2,PASS,,
Seb,91016957,3,0,3,787.0,hand_3,BUILD_PASTURE,,
Seb,91016957,3,0,3,787.0,hand_4,NORTH,,
Seb,91016957,3,0,3,787.0,hand_5,WEST,,
Seb,91016957,3,0,3,787.0,hand_6,PASS,,
Seb,91016957,4,0,4,787.0,farmer,PICKUP,SHEEP,2
Seb,91016957,4,0,4,787.0,hand_0,NORTH,,
Seb,91016957,4,0,4,787.0,hand_1,NORTH,,
Seb,91016957,4,0,4,787.0,hand_2,PASS,,
Seb,91016957,4,0,4,787.0,hand_3,WEST,,
Seb,91016957,4,0,4,787.0,hand_4,NORTH,,
Seb,91016957,4,0,4,787.0,hand_5,PLANT,WHEAT,
Seb,91016957,4,0,4,787.0,hand_6,PASS,,
Seb,91016957,5,0,5,787.0,farmer,PLACE,SHEEP,
Seb,91016957,5,0,5,787.0,hand_0,PLANT,MELON,
Seb,91016957,5,0,5,787.0,hand_1,NORTH,,
Seb,91016957,5,0,5,787.0,hand_2,PASS,,
Seb,91016957,5,0,5,787.0,hand_3,BUILD_PASTURE,,
Seb,91016957,5,0,5,787.0,hand_4,NORTH,,
Seb,91016957,5,0,5,787.0,hand_5,WATER,,
Seb,91016957,5,0,5,787.0,hand_6,PASS,,
Seb,91016957,6,0,6,760.0,farmer,NORTH,,
Seb,91016957,6,0,6,760.0,hand_0,WATER,,
Seb,91016957,6,0,6,760.0,hand_1,PLANT,MELON,
Seb,91016957,6,0,6,760.0,hand_2,PASS,,
Seb,91016957,6,0,6,760.0,hand_3,NORTH,,
Seb,91016957,6,0,6,760.0,hand_4,WEST,,
Seb,91016957,6,0,6,760.0,hand_5,WEST,,
Seb,91016957,6,0,6,760.0,hand_6,PASS,,
Seb,91016957,6,0,6,760.0,market,BUY_PRODUCT,WHEAT,1
Seb,91016957,7,0,7,760.0,farmer,PLACE,SHEEP,
Seb,91016957,7,0,7,760.0,hand_0,SOUTH,,
Seb,91016957,7,0,7,760.0,hand_1,WATER,,
Seb,91016957,7,0,7,760.0,hand_2,PASS,,
Seb,91016957,7,0,7,760.0,hand_3,BUILD_PASTURE,,
Seb,91016957,7,0,7,760.0,hand_4,PLANT,MELON,
Seb,91016957,7,0,7,760.0,hand_5,PLANT,WHEAT,
Seb,91016957,7,0,7,760.0,hand_6,PASS,,
Seb,91016957,8,0,8,733.0,farmer,SOUTH,,
Seb,91016957,8,0,8,733.0,hand_0,SOUTH,,
Seb,91016957,8,0,8,733.0,hand_1,NORTH,,
Seb,91016957,8,0,8,733.0,hand_2,PASS,,
Seb,91016957,8,0,8,733.0,hand_3,WEST,,
Seb,91016957,8,0,8,733.0,hand_4,WATER,,
Seb,91016957,8,0,8,733.0,hand_5,WATER,,
Seb,91016957,8,0,8,733.0,hand_6,PASS,,
Seb,91016957,8,0,8,733.0,market,BUY_PRODUCT,WHEAT,1
Seb,91016957,9,0,9,733.0,farmer,PICKUP,COW,2
Seb,91016957,9,0,9,733.0,hand_0,PICKUP,WHEAT,2
Seb,91016957,9,0,9,733.0,hand_1,PLANT,WHEAT,
Seb,91016957,9,0,9,733.0,hand_2,PASS,,
Seb,91016957,9,0,9,733.0,hand_3,BUILD_PASTURE,,
Seb,91016957,9,0,9,733.0,hand_4,NORTH,,
Seb,91016957,9,0,9,733.0,hand_5,WEST,,
Seb,91016957,9,0,9,733.0,hand_6,PASS,,
Seb,91016957,10,0,10,705.0,farmer,NORTH,,
Seb,91016957,10,0,10,705.0,hand_0,FEED,,
Seb,91016957,10,0,10,705.0,hand_1,WATER,,
Seb,91016957,10,0,10,705.0,hand_2,PASS,,
Seb,91016957,10,0,10,705.0,hand_3,NORTH,,
Seb,91016957,10,0,10,705.0,hand_4,PLANT,WHEAT,
Seb,91016957,10,0,10,705.0,hand_5,PLANT,WHEAT,
Seb,91016957,10,0,10,705.0,hand_6,PASS,,
Seb,91016957,10,0,10,705.0,market,BUY_PRODUCT,WHEAT,1
Seb,91016957,11,0,11,705.0,farmer,WEST,,
Seb,91016957,11,0,11,705.0,hand_0,NORTH,,
Seb,91016957,11,0,11,705.0,hand_1,WEST,,
Seb,91016957,11,0,11,705.0,hand_2,PASS,,
Seb,91016957,11,0,11,705.0,hand_3,PLANT,WHEAT,
Seb,91016957,11,0,11,705.0,hand_4,WATER,,
Seb,91016957,11,0,11,705.0,hand_5,WATER,,
Seb,91016957,11,0,11,705.0,hand_6,PASS,,
Seb,91016957,12,0,12,677.0,farmer,PLACE,COW,
Seb,91016957,12,0,12,677.0,hand_0,FEED,,
Seb,91016957,12,0,12,677.0,hand_1,WEST,,
Seb,91016957,12,0,12,677.0,hand_2,PASS,,
Seb,91016957,12,0,12,677.0,hand_3,WATER,,
Seb,91016957,12,0,12,677.0,hand_4,WEST,,
Seb,91016957,12,0,12,677.0,hand_5,WEST,,
Seb,91016957,12,0,12,677.0,hand_6,PASS,,
Seb,91016957,12,0,12,677.0,market,BUY_PRODUCT,WHEAT,1
Seb,91016957,13,0,13,649.0,farmer,NORTH,,
Seb,91016957,13,0,13,649.0,hand_0,CARE,,
Seb,91016957,13,0,13,649.0,hand_1,PLANT,WHEAT,
Seb,91016957,13,0,13,649.0,hand_2,PASS,,
Seb,91016957,13,0,13,649.0,hand_3,WEST,,
Seb,91016957,13,0,13,649.0,hand_4,WEST,,
Seb,91016957,13,0,13,649.0,hand_5,PLANT,WHEAT,
Seb,91016957,13,0,13,649.0,hand_6,PASS,,
Seb,91016957,13,0,13,649.0,market,BUY_PRODUCT,WHEAT,1
Seb,91016957,14,0,14,649.0,farmer,PLACE,COW,
Seb,91016957,14,0,14,649.0,hand_0,SOUTH,,
Seb,91016957,14,0,14,649.0,hand_1,WATER,,
Seb,91016957,14,0,14,649.0,hand_2,PASS,,
Seb,91016957,14,0,14,649.0,hand_3,PLANT,WHEAT,
Seb,91016957,14,0,14,649.0,hand_4,PLANT,WHEAT,
Seb,91016957,14,0,14,649.0,hand_5,WATER,,
Seb,91016957,14,0,14,649.0,hand_6,PASS,,
Seb,91016957,15,0,15,621.0,farmer,SOUTH,,
Seb,91016957,15,0,15,621.0,hand_0,PICKUP,WHEAT,3
Seb,91016957,15,0,15,621.0,hand_1,WEST,,
Seb,91016957,15,0,15,621.0,hand_2,PASS,,
Seb,91016957,15,0,15,621.0,hand_3,WATER,,
Seb,91016957,15,0,15,621.0,hand_4,WATER,,
Seb,91016957,15,0,15,621.0,hand_5,NORTH,,
Seb,91016957,15,0,15,621.0,hand_6,PASS,,
Seb,91016957,15,0,15,621.0,market,BUY_PRODUCT,WHEAT,1
Seb,91016957,16,0,16,621.0,farmer,SOUTH,,
Seb,91016957,16,0,16,621.0,hand_0,NORTH,,
Seb,91016957,16,0,16,621.0,hand_1,WEST,,
Seb,91016957,16,0,16,621.0,hand_2,PASS,,
Seb,91016957,16,0,16,621.0,hand_3,WEST,,
Seb,91016957,16,0,16,621.0,hand_4,SOUTH,,
Seb,91016957,16,0,16,621.0,hand_5,PLANT,WHEAT,
Seb,91016957,16,0,16,621.0,hand_6,PASS,,
Seb,91016957,17,0,17,621.0,farmer,EAST,,
Seb,91016957,17,0,17,621.0,hand_0,WEST,,
Seb,91016957,17,0,17,621.0,hand_1,PLANT,WHEAT,
Seb,91016957,17,0,17,621.0,hand_2,PASS,,
Seb,91016957,17,0,17,621.0,hand_3,PLANT,WHEAT,
Seb,91016957,17,0,17,621.0,hand_4,SOUTH,,
Seb,91016957,17,0,17,621.0,hand_5,WATER,,
Seb,91016957,17,0,17,621.0,hand_6,PASS,,
Seb,91016957,18,0,18,593.0,farmer,CARE,,
Seb,91016957,18,0,18,593.0,hand_0,FEED,,
Seb,91016957,18,0,18,593.0,hand_1,WATER,,
Seb,91016957,18,0,18,593.0,hand_2,PASS,,
Seb,91016957,18,0,18,593.0,hand_3,WATER,,
Seb,91016957,18,0,18,593.0,hand_4,BUILD_PASTURE,,
Seb,91016957,18,0,18,593.0,hand_5,NORTH,,
Seb,91016957,18,0,18,593.0,hand_6,PASS,,
Seb,91016957,18,0,18,593.0,market,BUY_PRODUCT,WHEAT,1
Seb,91016957,19,0,19,593.0,farmer,NORTH,,
Seb,91016957,19,0,19,593.0,hand_0,NORTH,,
Seb,91016957,19,0,19,593.0,hand_1,PASS,,
Seb,91016957,19,0,19,593.0,hand_2,PASS,,
Seb,91016957,19,0,19,593.0,hand_3,SOUTH,,
Seb,91016957,19,0,19,593.0,hand_4,SOUTH,,
Seb,91016957,19,0,19,593.0,hand_5,PLANT,WHEAT,
Seb,91016957,19,0,19,593.0,hand_6,PASS,,
Seb,91016957,20,0,20,564.0,farmer,WEST,,
Seb,91016957,20,0,20,564.0,hand_0,FEED,,
Seb,91016957,20,0,20,564.0,hand_1,PASS,,
Seb,91016957,20,0,20,564.0,hand_2,PASS,,
Seb,91016957,20,0,20,564.0,hand_3,SOUTH,,
Seb,91016957,20,0,20,564.0,hand_4,EAST,,
Seb,91016957,20,0,20,564.0,hand_5,WATER,,
Seb,91016957,20,0,20,564.0,hand_6,PASS,,
Seb,91016957,20,0,20,564.0,market,BUY_PRODUCT,WHEAT,1
Seb,91016957,21,0,21,564.0,farmer,CARE,,
Seb,91016957,21,0,21,564.0,hand_0,CARE,,
Seb,91016957,21,0,21,564.0,hand_1,PASS,,
Seb,91016957,21,0,21,564.0,hand_2,PASS,,
Seb,91016957,21,0,21,564.0,hand_3,EAST,,
Seb,91016957,21,0,21,564.0,hand_4,BUILD_PASTURE,,
Seb,91016957,21,0,21,564.0,hand_5,PASS,,
Seb,91016957,21,0,21,564.0,hand_6,PASS,,
Seb,91016957,22,0,22,564.0,farmer,PASS,,
Seb,91016957,22,0,22,564.0,hand_0,SOUTH,,
Seb,91016957,22,0,22,564.0,hand_1,PASS,,
Seb,91016957,22,0,22,564.0,hand_2,PASS,,
Seb,91016957,22,0,22,564.0,hand_3,BUILD_PASTURE,,
Seb,91016957,22,0,22,564.0,hand_4,PASS,,
Seb,91016957,22,0,22,564.0,hand_5,PASS,,
Seb,91016957,22,0,22,564.0,hand_6,PASS,,
Seb,91016957,23,0,23,564.0,farmer,PASS,,
Seb,91016957,23,0,23,564.0,hand_0,SOUTH,,
Seb,91016957,23,0,23,564.0,hand_1,PASS,,
Seb,91016957,23,0,23,564.0,hand_2,PASS,,
Seb,91016957,23,0,23,564.0,hand_3,PASS,,
Seb,91016957,23,0,23,564.0,hand_4,PASS,,
Seb,91016957,23,0,23,564.0,hand_5,PASS,,
Seb,91016957,23,0,23,564.0,hand_6,PASS,,
Seb,91016957,24,1,0,564.0,farmer,PASS,,
Seb,91016957,24,1,0,564.0,hand_0,EAST,,
Seb,91016957,24,1,0,564.0,hand_1,PASS,,
Seb,91016957,24,1,0,564.0,hand_2,PASS,,
Seb,91016957,24,1,0,564.0,hand_3,PASS,,
Seb,91016957,24,1,0,564.0,hand_4,PASS,,
Seb,91016957,24,1,0,564.0,hand_5,PASS,,
Seb,91016957,24,1,0,564.0,hand_6,PASS,,
Seb,91016957,25,1,1,131.0,farmer,PICKUP,WHEAT,3
Seb,91016957,25,1,1,131.0,market,HIRE,,
Seb,91016957,25,1,1,131.0,market,HIRE,,
Seb,91016957,25,1,1,131.0,market,HIRE,,
Seb,91016957,25,1,1,131.0,market,HIRE,,
Seb,91016957,25,1,1,131.0,market,HIRE,,
Seb,91016957,25,1,1,131.0,market,HIRE,,
Seb,91016957,25,1,1,131.0,market,HIRE,,
Seb,91016957,25,1,1,131.0,market,BUY_ANIMAL,COW,1
Seb,91016957,26,1,2,102.0,farmer,FEED,,
Seb,91016957,26,1,2,102.0,hand_0,WEST,,
Seb,91016957,26,1,2,102.0,hand_1,NORTH,,
Seb,91016957,26,1,2,102.0,hand_2,PASS,,
Seb,91016957,26,1,2,102.0,hand_3,NORTH,,
Seb,91016957,26,1,2,102.0,hand_4,WEST,,
Seb,91016957,26,1,2,102.0,hand_5,NORTH,,
Seb,91016957,26,1,2,102.0,hand_6,PASS,,
Seb,91016957,26,1,2,102.0,market,BUY_PRODUCT,WHEAT,1
Seb,91016957,27,1,3,102.0,farmer,NORTH,,
Seb,91016957,27,1,3,102.0,hand_0,PICKUP,COW,1
Seb,91016957,27,1,3,102.0,hand_1,PICKUP,WHEAT,2
Seb,91016957,27,1,3,102.0,hand_2,PASS,,
Seb,91016957,27,1,3,102.0,hand_3,COLLECT_FERTILIZER,,
Seb,91016957,27,1,3,102.0,hand_4,CARE,,
Seb,91016957,27,1,3,102.0,hand_5,NORTH,,
Seb,91016957,27,1,3,102.0,hand_6,PASS,,
Seb,91016957,28,1,4,102.0,farmer,WEST,,
Seb,91016957,28,1,4,102.0,hand_0,NORTH,,
Seb,91016957,28,1,4,102.0,hand_1,NORTH,,
Seb,91016957,28,1,4,102.0,hand_2,PASS,,
Seb,91016957,28,1,4,102.0,hand_3,SOUTH,,
Seb,91016957,28,1,4,102.0,hand_4,COLLECT_FERTILIZER,,
Seb,91016957,28,1,4,102.0,hand_5,NORTH,,
Seb,91016957,28,1,4,102.0,hand_6,PASS,,
Seb,91016957,29,1,5,244.0,farmer,FEED,,
Seb,91016957,29,1,5,244.0,hand_0,WEST,,
Seb,91016957,29,1,5,244.0,hand_1,FEED,,
Seb,91016957,29,1,5,244.0,hand_2,PASS,,
Seb,91016957,29,1,5,244.0,hand_3,DROP,,
Seb,91016957,29,1,5,244.0,hand_4,DROP,,
Seb,91016957,29,1,5,244.0,hand_5,WEST,,
Seb,91016957,29,1,5,244.0,hand_6,PASS,,
Seb,91016957,29,1,5,244.0,market,SELL,FERTILIZER,2
Seb,91016957,29,1,5,244.0,market,BUY_PRODUCT,WHEAT,2
Seb,91016957,30,1,6,244.0,farmer,NORTH,,
Seb,91016957,30,1,6,244.0,hand_0,WEST,,
Seb,91016957,30,1,6,244.0,hand_1,CARE,,
Seb,91016957,30,1,6,244.0,hand_2,PASS,,
Seb,91016957,30,1,6,244.0,hand_3,PASS,,
Seb,91016957,30,1,6,244.0,hand_4,PASS,,
Seb,91016957,30,1,6,244.0,hand_5,SOUTH,,
Seb,91016957,30,1,6,244.0,hand_6,PASS,,
Seb,91016957,31,1,7,215.0,farmer,FEED,,
Seb,91016957,31,1,7,215.0,hand_0,PLACE,COW,
Seb,91016957,31,1,7,215.0,hand_1,SOUTH,,
Seb,91016957,31,1,7,215.0,hand_2,PASS,,
Seb,91016957,31,1,7,215.0,hand_3,PASS,,
Seb,91016957,31,1,7,215.0,hand_4,PASS,,
Seb,91016957,31,1,7,215.0,hand_5,CARE,,
Seb,91016957,31,1,7,215.0,hand_6,PASS,,
Seb,91016957,31,1,7,215.0,market,BUY_PRODUCT,WHEAT,1
Seb,91016957,32,1,8,186.0,farmer,CARE,,
Seb,91016957,32,1,8,186.0,hand_0,PASS,,
Seb,91016957,32,1,8,186.0,hand_1,DROP,,
Seb,91016957,32,1,8,186.0,hand_2,PASS,,
Seb,91016957,32,1,8,186.0,hand_3,PASS,,
Seb,91016957,32,1,8,186.0,hand_4,PASS,,
Seb,91016957,32,1,8,186.0,hand_5,COLLECT_FERTILIZER,,
Seb,91016957,32,1,8,186.0,hand_6,PASS,,
Seb,91016957,32,1,8,186.0,market,BUY_PRODUCT,WHEAT,1
Seb,91016957,33,1,9,186.0,farmer,COLLECT_FERTILIZER,,
Seb,91016957,33,1,9,186.0,hand_0,PASS,,
Seb,91016957,33,1,9,186.0,hand_1,PICKUP,WHEAT,3
Seb,91016957,33,1,9,186.0,hand_2,PASS,,
Seb,91016957,33,1,9,186.0,hand_3,PASS,,
Seb,91016957,33,1,9,186.0,hand_4,PASS,,
Seb,91016957,33,1,9,186.0,hand_5,SOUTH,,
Seb,91016957,33,1,9,186.0,hand_6,PASS,,
Seb,91016957,34,1,10,186.0,farmer,SOUTH,,
Seb,91016957,34,1,10,186.0,hand_0,PASS,,
Seb,91016957,34,1,10,186.0,hand_1,NORTH,,
Seb,91016957,34,1,10,186.0,hand_2,PASS,,
Seb,91016957,34,1,10,186.0,hand_3,PASS,,
Seb,91016957,34,1,10,186.0,hand_4,PASS,,
Seb,91016957,34,1,10,186.0,hand_5,EAST,,
Seb,91016957,34,1,10,186.0,hand_6,PASS,,
Seb,91016957,35,1,11,286.0,farmer,SOUTH,,
Seb,91016957,35,1,11,286.0,hand_0,PASS,,
Seb,91016957,35,1,11,286.0,hand_1,WEST,,
Seb,91016957,35,1,11,286.0,hand_2,PASS,,
Seb,91016957,35,1,11,286.0,hand_3,PASS,,
Seb,91016957,35,1,11,286.0,hand_4,PASS,,
Seb,91016957,35,1,11,286.0,hand_5,DROP,,
Seb,91016957,35,1,11,286.0,hand_6,PASS,,
Seb,91016957,35,1,11,286.0,market,SELL,FERTILIZER,1
Seb,91016957,36,1,12,286.0,farmer,EAST,,
Seb,91016957,36,1,12,286.0,hand_0,PASS,,
Seb,91016957,36,1,12,286.0,hand_1,WEST,,
Seb,91016957,36,1,12,286.0,hand_2,PASS,,
Seb,91016957,36,1,12,286.0,hand_3,PASS,,
Seb,91016957,36,1,12,286.0,hand_4,PASS,,
Seb,91016957,36,1,12,286.0,hand_5,PASS,,
Seb,91016957,36,1,12,286.0,hand_6,PASS,,
Seb,91016957,37,1,13,356.0,farmer,DROP,,
Seb,91016957,37,1,13,356.0,hand_0,PASS,,
Seb,91016957,37,1,13,356.0,hand_1,FEED,,
Seb,91016957,37,1,13,356.0,hand_2,PASS,,
Seb,91016957,37,1,13,356.0,hand_3,PASS,,
Seb,91016957,37,1,13,356.0,hand_4,PASS,,
Seb,91016957,37,1,13,356.0,hand_5,PASS,,
Seb,91016957,37,1,13,356.0,hand_6,PASS,,
Seb,91016957,37,1,13,356.0,market,SELL,FERTILIZER,1
Seb,91016957,37,1,13,356.0,market,BUY_PRODUCT,WHEAT,1
Seb,91016957,38,1,14,356.0,farmer,PASS,,
Seb,91016957,38,1,14,356.0,hand_0,PASS,,
Seb,91016957,38,1,14,356.0,hand_1,CARE,,
Seb,91016957,38,1,14,356.0,hand_2,PASS,,
Seb,91016957,38,1,14,356.0,hand_3,PASS,,
Seb,91016957,38,1,14,356.0,hand_4,PASS,,
Seb,91016957,38,1,14,356.0,hand_5,PASS,,
Seb,91016957,38,1,14,356.0,hand_6,PASS,,
Seb,91016957,39,1,15,356.0,farmer,PASS,,
Seb,91016957,39,1,15,356.0,hand_0,PASS,,
Seb,91016957,39,1,15,356.0,hand_1,SOUTH,,
Seb,91016957,39,1,15,356.0,hand_2,PASS,,
Seb,91016957,39,1,15,356.0,hand_3,PASS,,
Seb,91016957,39,1,15,356.0,hand_4,PASS,,
Seb,91016957,39,1,15,356.0,hand_5,PASS,,
Seb,91016957,39,1,15,356.0,hand_6,PASS,,
Seb,91016957,40,1,16,356.0,farmer,PASS,,
Seb,91016957,40,1,16,356.0,hand_0,PASS,,
Seb,91016957,40,1,16,356.0,hand_1,EAST,,
Seb,91016957,40,1,16,356.0,hand_2,PASS,,
Seb,91016957,40,1,16,356.0,hand_3,PASS,,
Seb,91016957,40,1,16,356.0,hand_4,PASS,,
Seb,91016957,40,1,16,356.0,hand_5,PASS,,
Seb,91016957,40,1,16,356.0,hand_6,PASS,,
Seb,91016957,41,1,17,356.0,farmer,PASS,,
Seb,91016957,41,1,17,356.0,hand_0,PASS,,
Seb,91016957,41,1,17,356.0,hand_1,EAST,,
Seb,91016957,41,1,17,356.0,hand_2,PASS,,
Seb,91016957,41,1,17,356.0,hand_3,PASS,,
Seb,91016957,41,1,17,356.0,hand_4,PASS,,
Seb,91016957,41,1,17,356.0,hand_5,PASS,,
Seb,91016957,41,1,17,356.0,hand_6,PASS,,
Seb,91016957,42,1,18,356.0,farmer,PASS,,
Seb,91016957,42,1,18,356.0,hand_0,PASS,,
Seb,91016957,42,1,18,356.0,hand_1,DROP,,
Seb,91016957,42,1,18,356.0,hand_2,PASS,,
Seb,91016957,42,1,18,356.0,hand_3,PASS,,
Seb,91016957,42,1,18,356.0,hand_4,PASS,,
Seb,91016957,42,1,18,356.0,hand_5,PASS,,
Seb,91016957,42,1,18,356.0,hand_6,PASS,,
Seb,91016957,43,1,19,356.0,farmer,PASS,,
Seb,91016957,43,1,19,356.0,hand_0,PASS,,
Seb,91016957,43,1,19,356.0,hand_1,PASS,,
Seb,91016957,43,1,19,356.0,hand_2,PASS,,
Seb,91016957,43,1,19,356.0,hand_3,PASS,,
Seb,91016957,43,1,19,356.0,hand_4,PASS,,
Seb,91016957,43,1,19,356.0,hand_5,PASS,,
Seb,91016957,43,1,19,356.0,hand_6,PASS,,
Seb,91016957,44,1,20,356.0,farmer,PASS,,
Seb,91016957,44,1,20,356.0,hand_0,PASS,,
Seb,91016957,44,1,20,356.0,hand_1,PASS,,
Seb,91016957,44,1,20,356.0,hand_2,PASS,,
Seb,91016957,44,1,20,356.0,hand_3,PASS,,
Seb,91016957,44,1,20,356.0,hand_4,PASS,,
Seb,91016957,44,1,20,356.0,hand_5,PASS,,
Seb,91016957,44,1,20,356.0,hand_6,PASS,,
Seb,91016957,45,1,21,356.0,farmer,PASS,,
Seb,91016957,45,1,21,356.0,hand_0,PASS,,
Seb,91016957,45,1,21,356.0,hand_1,PASS,,
Seb,91016957,45,1,21,356.0,hand_2,PASS,,
Seb,91016957,45,1,21,356.0,hand_3,PASS,,
Seb,91016957,45,1,21,356.0,hand_4,PASS,,
Seb,91016957,45,1,21,356.0,hand_5,PASS,,
Seb,91016957,45,1,21,356.0,hand_6,PASS,,
Seb,91016957,46,1,22,356.0,farmer,PASS,,
Seb,91016957,46,1,22,356.0,hand_0,PASS,,
Seb,91016957,46,1,22,356.0,hand_1,PASS,,
Seb,91016957,46,1,22,356.0,hand_2,PASS,,
Seb,91016957,46,1,22,356.0,hand_3,PASS,,
Seb,91016957,46,1,22,356.0,hand_4,PASS,,
Seb,91016957,46,1,22,356.0,hand_5,PASS,,
Seb,91016957,46,1,22,356.0,hand_6,PASS,,
Seb,91016957,47,1,23,356.0,farmer,PASS,,
Seb,91016957,47,1,23,356.0,hand_0,PASS,,
Seb,91016957,47,1,23,356.0,hand_1,PASS,,
Seb,91016957,47,1,23,356.0,hand_2,PASS,,
Seb,91016957,47,1,23,356.0,hand_3,PASS,,
Seb,91016957,47,1,23,356.0,hand_4,PASS,,
Seb,91016957,47,1,23,356.0,hand_5,PASS,,
Seb,91016957,47,1,23,356.0,hand_6,PASS,,
Seb,91036259,0,0,0,3000.0,farmer,PASS,,
Seb,91036259,1,0,1,1807.0,farmer,BUILD_PASTURE,,
Seb,91036259,1,0,1,1807.0,market,HIRE,,
Seb,91036259,1,0,1,1807.0,market,HIRE,,
Seb,91036259,1,0,1,1807.0,market,HIRE,,
Seb,91036259,1,0,1,1807.0,market,HIRE,,
Seb,91036259,1,0,1,1807.0,market,HIRE,,
Seb,91036259,1,0,1,1807.0,market,HIRE,,
Seb,91036259,1,0,1,1807.0,market,HIRE,,
Seb,91036259,1,0,1,1807.0,market,BUY_SEED,MELON,3
Seb,91036259,1,0,1,1807.0,market,BUY_SEED,WHEAT,12
Seb,91036259,1,0,1,1807.0,market,BUY_ANIMAL,COW,2
Seb,91036259,2,0,2,787.0,farmer,PICKUP,COW,2
Seb,91036259,2,0,2,787.0,hand_0,WEST,,
Seb,91036259,2,0,2,787.0,hand_1,NORTH,,
Seb,91036259,2,0,2,787.0,hand_2,PASS,,
Seb,91036259,2,0,2,787.0,hand_3,NORTH,,
Seb,91036259,2,0,2,787.0,hand_4,WEST,,
Seb,91036259,2,0,2,787.0,hand_5,NORTH,,
Seb,91036259,2,0,2,787.0,hand_6,PASS,,
Seb,91036259,2,0,2,787.0,market,BUY_SEED,WHEAT,2
Seb,91036259,2,0,2,787.0,market,BUY_ANIMAL,SHEEP,2
Seb,91036259,3,0,3,787.0,farmer,DROP,,
Seb,91036259,3,0,3,787.0,hand_0,NORTH,,
Seb,91036259,3,0,3,787.0,hand_1,NORTH,,
Seb,91036259,3,0,3,787.0,hand_2,PASS,,
Seb,91036259,3,0,3,787.0,hand_3,BUILD_PASTURE,,
Seb,91036259,3,0,3,787.0,hand_4,NORTH,,
Seb,91036259,3,0,3,787.0,hand_5,WEST,,
Seb,91036259,3,0,3,787.0,hand_6,PASS,,
Seb,91036259,4,0,4,787.0,farmer,PICKUP,SHEEP,2
Seb,91036259,4,0,4,787.0,hand_0,NORTH,,
Seb,91036259,4,0,4,787.0,hand_1,NORTH,,
Seb,91036259,4,0,4,787.0,hand_2,PASS,,
Seb,91036259,4,0,4,787.0,hand_3,WEST,,
Seb,91036259,4,0,4,787.0,hand_4,NORTH,,
Seb,91036259,4,0,4,787.0,hand_5,PLANT,WHEAT,
Seb,91036259,4,0,4,787.0,hand_6,PASS,,
Seb,91036259,5,0,5,787.0,farmer,PLACE,SHEEP,
Seb,91036259,5,0,5,787.0,hand_0,PLANT,MELON,
Seb,91036259,5,0,5,787.0,hand_1,NORTH,,
Seb,91036259,5,0,5,787.0,hand_2,PASS,,
Seb,91036259,5,0,5,787.0,hand_3,BUILD_PASTURE,,
Seb,91036259,5,0,5,787.0,hand_4,NORTH,,
Seb,91036259,5,0,5,787.0,hand_5,WATER,,
Seb,91036259,5,0,5,787.0,hand_6,PASS,,
Seb,91036259,6,0,6,759.0,farmer,NORTH,,
Seb,91036259,6,0,6,759.0,hand_0,WATER,,
Seb,91036259,6,0,6,759.0,hand_1,PLANT,MELON,
Seb,91036259,6,0,6,759.0,hand_2,PASS,,
Seb,91036259,6,0,6,759.0,hand_3,NORTH,,
Seb,91036259,6,0,6,759.0,hand_4,WEST,,
Seb,91036259,6,0,6,759.0,hand_5,WEST,,
Seb,91036259,6,0,6,759.0,hand_6,PASS,,
Seb,91036259,6,0,6,759.0,market,BUY_PRODUCT,WHEAT,1
Seb,91036259,7,0,7,759.0,farmer,PLACE,SHEEP,
Seb,91036259,7,0,7,759.0,hand_0,SOUTH,,
Seb,91036259,7,0,7,759.0,hand_1,WATER,,
Seb,91036259,7,0,7,759.0,hand_2,PASS,,
Seb,91036259,7,0,7,759.0,hand_3,BUILD_PASTURE,,
Seb,91036259,7,0,7,759.0,hand_4,PLANT,MELON,
Seb,91036259,7,0,7,759.0,hand_5,PLANT,WHEAT,
Seb,91036259,7,0,7,759.0,hand_6,PASS,,
Seb,91036259,8,0,8,731.0,farmer,SOUTH,,
Seb,91036259,8,0,8,731.0,hand_0,SOUTH,,
Seb,91036259,8,0,8,731.0,hand_1,NORTH,,
Seb,91036259,8,0,8,731.0,hand_2,PASS,,
Seb,91036259,8,0,8,731.0,hand_3,WEST,,
Seb,91036259,8,0,8,731.0,hand_4,WATER,,
Seb,91036259,8,0,8,731.0,hand_5,WATER,,
Seb,91036259,8,0,8,731.0,hand_6,PASS,,
Seb,91036259,8,0,8,731.0,market,BUY_PRODUCT,WHEAT,1
Seb,91036259,9,0,9,731.0,farmer,PICKUP,COW,2
Seb,91036259,9,0,9,731.0,hand_0,PICKUP,WHEAT,2
Seb,91036259,9,0,9,731.0,hand_1,PLANT,WHEAT,
Seb,91036259,9,0,9,731.0,hand_2,PASS,,
Seb,91036259,9,0,9,731.0,hand_3,BUILD_PASTURE,,
Seb,91036259,9,0,9,731.0,hand_4,NORTH,,
Seb,91036259,9,0,9,731.0,hand_5,WEST,,
Seb,91036259,9,0,9,731.0,hand_6,PASS,,
Seb,91036259,10,0,10,703.0,farmer,NORTH,,
Seb,91036259,10,0,10,703.0,hand_0,FEED,,
Seb,91036259,10,0,10,703.0,hand_1,WATER,,
Seb,91036259,10,0,10,703.0,hand_2,PASS,,
Seb,91036259,10,0,10,703.0,hand_3,NORTH,,
Seb,91036259,10,0,10,703.0,hand_4,PLANT,WHEAT,
Seb,91036259,10,0,10,703.0,hand_5,PLANT,WHEAT,
Seb,91036259,10,0,10,703.0,hand_6,PASS,,
Seb,91036259,10,0,10,703.0,market,BUY_PRODUCT,WHEAT,1
Seb,91036259,11,0,11,703.0,farmer,WEST,,
Seb,91036259,11,0,11,703.0,hand_0,NORTH,,
Seb,91036259,11,0,11,703.0,hand_1,WEST,,
Seb,91036259,11,0,11,703.0,hand_2,PASS,,
Seb,91036259,11,0,11,703.0,hand_3,PLANT,WHEAT,
Seb,91036259,11,0,11,703.0,hand_4,WATER,,
Seb,91036259,11,0,11,703.0,hand_5,WATER,,
Seb,91036259,11,0,11,703.0,hand_6,PASS,,
Seb,91036259,12,0,12,675.0,farmer,PLACE,COW,
Seb,91036259,12,0,12,675.0,hand_0,FEED,,
Seb,91036259,12,0,12,675.0,hand_1,WEST,,
Seb,91036259,12,0,12,675.0,hand_2,PASS,,
Seb,91036259,12,0,12,675.0,hand_3,WATER,,
Seb,91036259,12,0,12,675.0,hand_4,WEST,,
Seb,91036259,12,0,12,675.0,hand_5,WEST,,
Seb,91036259,12,0,12,675.0,hand_6,PASS,,
Seb,91036259,12,0,12,675.0,market,BUY_PRODUCT,WHEAT,1
Seb,91036259,13,0,13,647.0,farmer,NORTH,,
Seb,91036259,13,0,13,647.0,hand_0,CARE,,
Seb,91036259,13,0,13,647.0,hand_1,PLANT,WHEAT,
Seb,91036259,13,0,13,647.0,hand_2,PASS,,
Seb,91036259,13,0,13,647.0,hand_3,WEST,,
Seb,91036259,13,0,13,647.0,hand_4,WEST,,
Seb,91036259,13,0,13,647.0,hand_5,PLANT,WHEAT,
Seb,91036259,13,0,13,647.0,hand_6,PASS,,
Seb,91036259,13,0,13,647.0,market,BUY_PRODUCT,WHEAT,1
Seb,91036259,14,0,14,647.0,farmer,PLACE,COW,
Seb,91036259,14,0,14,647.0,hand_0,SOUTH,,
Seb,91036259,14,0,14,647.0,hand_1,WATER,,
Seb,91036259,14,0,14,647.0,hand_2,PASS,,
Seb,91036259,14,0,14,647.0,hand_3,PLANT,WHEAT,
Seb,91036259,14,0,14,647.0,hand_4,PLANT,WHEAT,
Seb,91036259,14,0,14,647.0,hand_5,WATER,,
Seb,91036259,14,0,14,647.0,hand_6,PASS,,
Seb,91036259,15,0,15,619.0,farmer,SOUTH,,
Seb,91036259,15,0,15,619.0,hand_0,PICKUP,WHEAT,3
Seb,91036259,15,0,15,619.0,hand_1,WEST,,
Seb,91036259,15,0,15,619.0,hand_2,PASS,,
Seb,91036259,15,0,15,619.0,hand_3,WATER,,
Seb,91036259,15,0,15,619.0,hand_4,WATER,,
Seb,91036259,15,0,15,619.0,hand_5,NORTH,,
Seb,91036259,15,0,15,619.0,hand_6,PASS,,
Seb,91036259,15,0,15,619.0,market,BUY_PRODUCT,WHEAT,1
Seb,91036259,16,0,16,619.0,farmer,SOUTH,,
Seb,91036259,16,0,16,619.0,hand_0,NORTH,,
Seb,91036259,16,0,16,619.0,hand_1,WEST,,
Seb,91036259,16,0,16,619.0,hand_2,PASS,,
Seb,91036259,16,0,16,619.0,hand_3,WEST,,
Seb,91036259,16,0,16,619.0,hand_4,SOUTH,,
Seb,91036259,16,0,16,619.0,hand_5,PLANT,WHEAT,
Seb,91036259,16,0,16,619.0,hand_6,PASS,,
Seb,91036259,17,0,17,619.0,farmer,EAST,,
Seb,91036259,17,0,17,619.0,hand_0,WEST,,
Seb,91036259,17,0,17,619.0,hand_1,PLANT,WHEAT,
Seb,91036259,17,0,17,619.0,hand_2,PASS,,
Seb,91036259,17,0,17,619.0,hand_3,PLANT,WHEAT,
Seb,91036259,17,0,17,619.0,hand_4,SOUTH,,
Seb,91036259,17,0,17,619.0,hand_5,WATER,,
Seb,91036259,17,0,17,619.0,hand_6,PASS,,
Seb,91036259,18,0,18,590.0,farmer,CARE,,
Seb,91036259,18,0,18,590.0,hand_0,FEED,,
Seb,91036259,18,0,18,590.0,hand_1,WATER,,
Seb,91036259,18,0,18,590.0,hand_2,PASS,,
Seb,91036259,18,0,18,590.0,hand_3,WATER,,
Seb,91036259,18,0,18,590.0,hand_4,BUILD_PASTURE,,
Seb,91036259,18,0,18,590.0,hand_5,NORTH,,
Seb,91036259,18,0,18,590.0,hand_6,PASS,,
Seb,91036259,18,0,18,590.0,market,BUY_PRODUCT,WHEAT,1
Seb,91036259,19,0,19,590.0,farmer,NORTH,,
Seb,91036259,19,0,19,590.0,hand_0,NORTH,,
Seb,91036259,19,0,19,590.0,hand_1,PASS,,
Seb,91036259,19,0,19,590.0,hand_2,PASS,,
Seb,91036259,19,0,19,590.0,hand_3,SOUTH,,
Seb,91036259,19,0,19,590.0,hand_4,SOUTH,,
Seb,91036259,19,0,19,590.0,hand_5,PLANT,WHEAT,
Seb,91036259,19,0,19,590.0,hand_6,PASS,,
Seb,91036259,20,0,20,561.0,farmer,WEST,,
Seb,91036259,20,0,20,561.0,hand_0,FEED,,
Seb,91036259,20,0,20,561.0,hand_1,PASS,,
Seb,91036259,20,0,20,561.0,hand_2,PASS,,
Seb,91036259,20,0,20,561.0,hand_3,SOUTH,,
Seb,91036259,20,0,20,561.0,hand_4,EAST,,
Seb,91036259,20,0,20,561.0,hand_5,WATER,,
Seb,91036259,20,0,20,561.0,hand_6,PASS,,
Seb,91036259,20,0,20,561.0,market,BUY_PRODUCT,WHEAT,1
Seb,91036259,21,0,21,561.0,farmer,CARE,,
Seb,91036259,21,0,21,561.0,hand_0,CARE,,
Seb,91036259,21,0,21,561.0,hand_1,PASS,,
Seb,91036259,21,0,21,561.0,hand_2,PASS,,
Seb,91036259,21,0,21,561.0,hand_3,EAST,,
Seb,91036259,21,0,21,561.0,hand_4,BUILD_PASTURE,,
Seb,91036259,21,0,21,561.0,hand_5,PASS,,
Seb,91036259,21,0,21,561.0,hand_6,PASS,,
Seb,91036259,22,0,22,561.0,farmer,PASS,,
Seb,91036259,22,0,22,561.0,hand_0,SOUTH,,
Seb,91036259,22,0,22,561.0,hand_1,PASS,,
Seb,91036259,22,0,22,561.0,hand_2,PASS,,
Seb,91036259,22,0,22,561.0,hand_3,BUILD_PASTURE,,
Seb,91036259,22,0,22,561.0,hand_4,PASS,,
Seb,91036259,22,0,22,561.0,hand_5,PASS,,
Seb,91036259,22,0,22,561.0,hand_6,PASS,,
Seb,91036259,23,0,23,561.0,farmer,PASS,,
Seb,91036259,23,0,23,561.0,hand_0,SOUTH,,
Seb,91036259,23,0,23,561.0,hand_1,PASS,,
Seb,91036259,23,0,23,561.0,hand_2,PASS,,
Seb,91036259,23,0,23,561.0,hand_3,PASS,,
Seb,91036259,23,0,23,561.0,hand_4,PASS,,
Seb,91036259,23,0,23,561.0,hand_5,PASS,,
Seb,91036259,23,0,23,561.0,hand_6,PASS,,
Seb,91036259,24,1,0,561.0,farmer,PASS,,
Seb,91036259,24,1,0,561.0,hand_0,EAST,,
Seb,91036259,24,1,0,561.0,hand_1,PASS,,
Seb,91036259,24,1,0,561.0,hand_2,PASS,,
Seb,91036259,24,1,0,561.0,hand_3,PASS,,
Seb,91036259,24,1,0,561.0,hand_4,PASS,,
Seb,91036259,24,1,0,561.0,hand_5,PASS,,
Seb,91036259,24,1,0,561.0,hand_6,PASS,,
Seb,91036259,25,1,1,128.0,farmer,PICKUP,WHEAT,3
Seb,91036259,25,1,1,128.0,market,HIRE,,
Seb,91036259,25,1,1,128.0,market,HIRE,,
Seb,91036259,25,1,1,128.0,market,HIRE,,
Seb,91036259,25,1,1,128.0,market,HIRE,,
Seb,91036259,25,1,1,128.0,market,HIRE,,
Seb,91036259,25,1,1,128.0,market,HIRE,,
Seb,91036259,25,1,1,128.0,market,HIRE,,
Seb,91036259,25,1,1,128.0,market,BUY_ANIMAL,COW,1
Seb,91036259,26,1,2,99.0,farmer,FEED,,
Seb,91036259,26,1,2,99.0,hand_0,WEST,,
Seb,91036259,26,1,2,99.0,hand_1,NORTH,,
Seb,91036259,26,1,2,99.0,hand_2,PASS,,
Seb,91036259,26,1,2,99.0,hand_3,NORTH,,
Seb,91036259,26,1,2,99.0,hand_4,WEST,,
Seb,91036259,26,1,2,99.0,hand_5,NORTH,,
Seb,91036259,26,1,2,99.0,hand_6,PASS,,
Seb,91036259,26,1,2,99.0,market,BUY_PRODUCT,WHEAT,1
Seb,91036259,27,1,3,99.0,farmer,NORTH,,
Seb,91036259,27,1,3,99.0,hand_0,PICKUP,COW,1
Seb,91036259,27,1,3,99.0,hand_1,PICKUP,WHEAT,2
Seb,91036259,27,1,3,99.0,hand_2,PASS,,
Seb,91036259,27,1,3,99.0,hand_3,COLLECT_FERTILIZER,,
Seb,91036259,27,1,3,99.0,hand_4,CARE,,
Seb,91036259,27,1,3,99.0,hand_5,NORTH,,
Seb,91036259,27,1,3,99.0,hand_6,PASS,,
Seb,91036259,28,1,4,99.0,farmer,WEST,,
Seb,91036259,28,1,4,99.0,hand_0,NORTH,,
Seb,91036259,28,1,4,99.0,hand_1,NORTH,,
Seb,91036259,28,1,4,99.0,hand_2,PASS,,
Seb,91036259,28,1,4,99.0,hand_3,SOUTH,,
Seb,91036259,28,1,4,99.0,hand_4,COLLECT_FERTILIZER,,
Seb,91036259,28,1,4,99.0,hand_5,NORTH,,
Seb,91036259,28,1,4,99.0,hand_6,PASS,,
Seb,91036259,29,1,5,241.0,farmer,FEED,,
Seb,91036259,29,1,5,241.0,hand_0,WEST,,
Seb,91036259,29,1,5,241.0,hand_1,FEED,,
Seb,91036259,29,1,5,241.0,hand_2,PASS,,
Seb,91036259,29,1,5,241.0,hand_3,DROP,,
Seb,91036259,29,1,5,241.0,hand_4,DROP,,
Seb,91036259,29,1,5,241.0,hand_5,WEST,,
Seb,91036259,29,1,5,241.0,hand_6,PASS,,
Seb,91036259,29,1,5,241.0,market,SELL,FERTILIZER,2
Seb,91036259,29,1,5,241.0,market,BUY_PRODUCT,WHEAT,2
Seb,91036259,30,1,6,241.0,farmer,NORTH,,
Seb,91036259,30,1,6,241.0,hand_0,WEST,,
Seb,91036259,30,1,6,241.0,hand_1,CARE,,
Seb,91036259,30,1,6,241.0,hand_2,PASS,,
Seb,91036259,30,1,6,241.0,hand_3,PASS,,
Seb,91036259,30,1,6,241.0,hand_4,PASS,,
Seb,91036259,30,1,6,241.0,hand_5,SOUTH,,
Seb,91036259,30,1,6,241.0,hand_6,PASS,,
Seb,91036259,31,1,7,212.0,farmer,FEED,,
Seb,91036259,31,1,7,212.0,hand_0,PLACE,COW,
Seb,91036259,31,1,7,212.0,hand_1,SOUTH,,
Seb,91036259,31,1,7,212.0,hand_2,PASS,,
Seb,91036259,31,1,7,212.0,hand_3,PASS,,
Seb,91036259,31,1,7,212.0,hand_4,PASS,,
Seb,91036259,31,1,7,212.0,hand_5,CARE,,
Seb,91036259,31,1,7,212.0,hand_6,PASS,,
Seb,91036259,31,1,7,212.0,market,BUY_PRODUCT,WHEAT,1
Seb,91036259,32,1,8,183.0,farmer,CARE,,
Seb,91036259,32,1,8,183.0,hand_0,PASS,,
Seb,91036259,32,1,8,183.0,hand_1,DROP,,
Seb,91036259,32,1,8,183.0,hand_2,PASS,,
Seb,91036259,32,1,8,183.0,hand_3,PASS,,
Seb,91036259,32,1,8,183.0,hand_4,PASS,,
Seb,91036259,32,1,8,183.0,hand_5,COLLECT_FERTILIZER,,
Seb,91036259,32,1,8,183.0,hand_6,PASS,,
Seb,91036259,32,1,8,183.0,market,BUY_PRODUCT,WHEAT,1
Seb,91036259,33,1,9,183.0,farmer,COLLECT_FERTILIZER,,
Seb,91036259,33,1,9,183.0,hand_0,PASS,,
Seb,91036259,33,1,9,183.0,hand_1,PICKUP,WHEAT,3
Seb,91036259,33,1,9,183.0,hand_2,PASS,,
Seb,91036259,33,1,9,183.0,hand_3,PASS,,
Seb,91036259,33,1,9,183.0,hand_4,PASS,,
Seb,91036259,33,1,9,183.0,hand_5,SOUTH,,
Seb,91036259,33,1,9,183.0,hand_6,PASS,,
Seb,91036259,34,1,10,183.0,farmer,SOUTH,,
Seb,91036259,34,1,10,183.0,hand_0,PASS,,
Seb,91036259,34,1,10,183.0,hand_1,NORTH,,
Seb,91036259,34,1,10,183.0,hand_2,PASS,,
Seb,91036259,34,1,10,183.0,hand_3,PASS,,
Seb,91036259,34,1,10,183.0,hand_4,PASS,,
Seb,91036259,34,1,10,183.0,hand_5,EAST,,
Seb,91036259,34,1,10,183.0,hand_6,PASS,,
Seb,91036259,35,1,11,283.0,farmer,SOUTH,,
Seb,91036259,35,1,11,283.0,hand_0,PASS,,
Seb,91036259,35,1,11,283.0,hand_1,WEST,,
Seb,91036259,35,1,11,283.0,hand_2,PASS,,
Seb,91036259,35,1,11,283.0,hand_3,PASS,,
Seb,91036259,35,1,11,283.0,hand_4,PASS,,
Seb,91036259,35,1,11,283.0,hand_5,DROP,,
Seb,91036259,35,1,11,283.0,hand_6,PASS,,
Seb,91036259,35,1,11,283.0,market,SELL,FERTILIZER,1
Seb,91036259,36,1,12,283.0,farmer,EAST,,
Seb,91036259,36,1,12,283.0,hand_0,PASS,,
Seb,91036259,36,1,12,283.0,hand_1,WEST,,
Seb,91036259,36,1,12,283.0,hand_2,PASS,,
Seb,91036259,36,1,12,283.0,hand_3,PASS,,
Seb,91036259,36,1,12,283.0,hand_4,PASS,,
Seb,91036259,36,1,12,283.0,hand_5,PASS,,
Seb,91036259,36,1,12,283.0,hand_6,PASS,,
Seb,91036259,37,1,13,352.0,farmer,DROP,,
Seb,91036259,37,1,13,352.0,hand_0,PASS,,
Seb,91036259,37,1,13,352.0,hand_1,FEED,,
Seb,91036259,37,1,13,352.0,hand_2,PASS,,
Seb,91036259,37,1,13,352.0,hand_3,PASS,,
Seb,91036259,37,1,13,352.0,hand_4,PASS,,
Seb,91036259,37,1,13,352.0,hand_5,PASS,,
Seb,91036259,37,1,13,352.0,hand_6,PASS,,
Seb,91036259,37,1,13,352.0,market,SELL,FERTILIZER,1
Seb,91036259,37,1,13,352.0,market,BUY_PRODUCT,WHEAT,1
Seb,91036259,38,1,14,352.0,farmer,PASS,,
Seb,91036259,38,1,14,352.0,hand_0,PASS,,
Seb,91036259,38,1,14,352.0,hand_1,CARE,,
Seb,91036259,38,1,14,352.0,hand_2,PASS,,
Seb,91036259,38,1,14,352.0,hand_3,PASS,,
Seb,91036259,38,1,14,352.0,hand_4,PASS,,
Seb,91036259,38,1,14,352.0,hand_5,PASS,,
Seb,91036259,38,1,14,352.0,hand_6,PASS,,
Seb,91036259,39,1,15,352.0,farmer,PASS,,
Seb,91036259,39,1,15,352.0,hand_0,PASS,,
Seb,91036259,39,1,15,352.0,hand_1,SOUTH,,
Seb,91036259,39,1,15,352.0,hand_2,PASS,,
Seb,91036259,39,1,15,352.0,hand_3,PASS,,
Seb,91036259,39,1,15,352.0,hand_4,PASS,,
Seb,91036259,39,1,15,352.0,hand_5,PASS,,
Seb,91036259,39,1,15,352.0,hand_6,PASS,,
Seb,91036259,40,1,16,352.0,farmer,PASS,,
Seb,91036259,40,1,16,352.0,hand_0,PASS,,
Seb,91036259,40,1,16,352.0,hand_1,EAST,,
Seb,91036259,40,1,16,352.0,hand_2,PASS,,
Seb,91036259,40,1,16,352.0,hand_3,PASS,,
Seb,91036259,40,1,16,352.0,hand_4,PASS,,
Seb,91036259,40,1,16,352.0,hand_5,PASS,,
Seb,91036259,40,1,16,352.0,hand_6,PASS,,
Seb,91036259,41,1,17,352.0,farmer,PASS,,
Seb,91036259,41,1,17,352.0,hand_0,PASS,,
Seb,91036259,41,1,17,352.0,hand_1,EAST,,
Seb,91036259,41,1,17,352.0,hand_2,PASS,,
Seb,91036259,41,1,17,352.0,hand_3,PASS,,
Seb,91036259,41,1,17,352.0,hand_4,PASS,,
Seb,91036259,41,1,17,352.0,hand_5,PASS,,
Seb,91036259,41,1,17,352.0,hand_6,PASS,,
Seb,91036259,42,1,18,352.0,farmer,PASS,,
Seb,91036259,42,1,18,352.0,hand_0,PASS,,
Seb,91036259,42,1,18,352.0,hand_1,DROP,,
Seb,91036259,42,1,18,352.0,hand_2,PASS,,
Seb,91036259,42,1,18,352.0,hand_3,PASS,,
Seb,91036259,42,1,18,352.0,hand_4,PASS,,
Seb,91036259,42,1,18,352.0,hand_5,PASS,,
Seb,91036259,42,1,18,352.0,hand_6,PASS,,
Seb,91036259,43,1,19,352.0,farmer,PASS,,
Seb,91036259,43,1,19,352.0,hand_0,PASS,,
Seb,91036259,43,1,19,352.0,hand_1,PASS,,
Seb,91036259,43,1,19,352.0,hand_2,PASS,,
Seb,91036259,43,1,19,352.0,hand_3,PASS,,
Seb,91036259,43,1,19,352.0,hand_4,PASS,,
Seb,91036259,43,1,19,352.0,hand_5,PASS,,
Seb,91036259,43,1,19,352.0,hand_6,PASS,,
Seb,91036259,44,1,20,352.0,farmer,PASS,,
Seb,91036259,44,1,20,352.0,hand_0,PASS,,
Seb,91036259,44,1,20,352.0,hand_1,PASS,,
Seb,91036259,44,1,20,352.0,hand_2,PASS,,
Seb,91036259,44,1,20,352.0,hand_3,PASS,,
Seb,91036259,44,1,20,352.0,hand_4,PASS,,
Seb,91036259,44,1,20,352.0,hand_5,PASS,,
Seb,91036259,44,1,20,352.0,hand_6,PASS,,
Seb,91036259,45,1,21,352.0,farmer,PASS,,
Seb,91036259,45,1,21,352.0,hand_0,PASS,,
Seb,91036259,45,1,21,352.0,hand_1,PASS,,
Seb,91036259,45,1,21,352.0,hand_2,PASS,,
Seb,91036259,45,1,21,352.0,hand_3,PASS,,
Seb,91036259,45,1,21,352.0,hand_4,PASS,,
Seb,91036259,45,1,21,352.0,hand_5,PASS,,
Seb,91036259,45,1,21,352.0,hand_6,PASS,,
Seb,91036259,46,1,22,352.0,farmer,PASS,,
Seb,91036259,46,1,22,352.0,hand_0,PASS,,
Seb,91036259,46,1,22,352.0,hand_1,PASS,,
Seb,91036259,46,1,22,352.0,hand_2,PASS,,
Seb,91036259,46,1,22,352.0,hand_3,PASS,,
Seb,91036259,46,1,22,352.0,hand_4,PASS,,
Seb,91036259,46,1,22,352.0,hand_5,PASS,,
Seb,91036259,46,1,22,352.0,hand_6,PASS,,
Seb,91036259,47,1,23,352.0,farmer,PASS,,
Seb,91036259,47,1,23,352.0,hand_0,PASS,,
Seb,91036259,47,1,23,352.0,hand_1,PASS,,
Seb,91036259,47,1,23,352.0,hand_2,PASS,,
Seb,91036259,47,1,23,352.0,hand_3,PASS,,
Seb,91036259,47,1,23,352.0,hand_4,PASS,,
Seb,91036259,47,1,23,352.0,hand_5,PASS,,
Seb,91036259,47,1,23,352.0,hand_6,PASS,,
mrgrishninsb,91020223,0,0,0,3000.0,farmer,PASS,,
mrgrishninsb,91020223,1,0,1,22.0,farmer,PASS,,
mrgrishninsb,91020223,1,0,1,22.0,market,HIRE,,
mrgrishninsb,91020223,1,0,1,22.0,market,HIRE,,
mrgrishninsb,91020223,1,0,1,22.0,market,HIRE,,
mrgrishninsb,91020223,1,0,1,22.0,market,HIRE,,
mrgrishninsb,91020223,1,0,1,22.0,market,HIRE,,
mrgrishninsb,91020223,1,0,1,22.0,market,BUY_ANIMAL,COW,2
mrgrishninsb,91020223,1,0,1,22.0,market,BUY_ANIMAL,SHEEP,2
mrgrishninsb,91020223,1,0,1,22.0,market,BUY_SEED,WHEAT,7
mrgrishninsb,91020223,1,0,1,22.0,market,BUY_SEED,MELON,12
mrgrishninsb,91020223,1,0,1,22.0,market,BUY_PRODUCT,WHEAT,5
mrgrishninsb,91020223,2,0,2,50.0,farmer,PICKUP,SHEEP,1
mrgrishninsb,91020223,2,0,2,50.0,hand_0,WEST,,
mrgrishninsb,91020223,2,0,2,50.0,hand_1,NORTH,,
mrgrishninsb,91020223,2,0,2,50.0,hand_2,WEST,,
mrgrishninsb,91020223,2,0,2,50.0,hand_3,WEST,,
mrgrishninsb,91020223,2,0,2,50.0,hand_4,WEST,,
mrgrishninsb,91020223,2,0,2,50.0,market,SELL,WHEAT,1
mrgrishninsb,91020223,3,0,3,22.0,farmer,PICKUP,WHEAT,1
mrgrishninsb,91020223,3,0,3,22.0,hand_0,PICKUP,COW,2
mrgrishninsb,91020223,3,0,3,22.0,hand_1,BUILD_PASTURE,,
mrgrishninsb,91020223,3,0,3,22.0,hand_2,WEST,,
mrgrishninsb,91020223,3,0,3,22.0,hand_3,WEST,,
mrgrishninsb,91020223,3,0,3,22.0,hand_4,WEST,,
mrgrishninsb,91020223,3,0,3,22.0,market,BUY_PRODUCT,WHEAT,1
mrgrishninsb,91020223,4,0,4,50.0,farmer,WEST,,
mrgrishninsb,91020223,4,0,4,50.0,hand_0,PICKUP,SHEEP,1
mrgrishninsb,91020223,4,0,4,50.0,hand_1,WEST,,
mrgrishninsb,91020223,4,0,4,50.0,hand_2,WEST,,
mrgrishninsb,91020223,4,0,4,50.0,hand_3,WEST,,
mrgrishninsb,91020223,4,0,4,50.0,hand_4,WEST,,
mrgrishninsb,91020223,4,0,4,50.0,market,SELL,WHEAT,1
mrgrishninsb,91020223,5,0,5,22.0,farmer,WEST,,
mrgrishninsb,91020223,5,0,5,22.0,hand_0,PICKUP,WHEAT,3
mrgrishninsb,91020223,5,0,5,22.0,hand_1,BUILD_PASTURE,,
mrgrishninsb,91020223,5,0,5,22.0,hand_2,WEST,,
mrgrishninsb,91020223,5,0,5,22.0,hand_3,WEST,,
mrgrishninsb,91020223,5,0,5,22.0,hand_4,WEST,,
mrgrishninsb,91020223,5,0,5,22.0,market,BUY_PRODUCT,WHEAT,1
mrgrishninsb,91020223,6,0,6,22.0,farmer,BUILD_PASTURE,,
mrgrishninsb,91020223,6,0,6,22.0,hand_0,NORTH,,
mrgrishninsb,91020223,6,0,6,22.0,hand_1,NORTH,,
mrgrishninsb,91020223,6,0,6,22.0,hand_2,WEST,,
mrgrishninsb,91020223,6,0,6,22.0,hand_3,NORTH,,
mrgrishninsb,91020223,6,0,6,22.0,hand_4,WEST,,
mrgrishninsb,91020223,7,0,7,22.0,farmer,PLACE,SHEEP,
mrgrishninsb,91020223,7,0,7,22.0,hand_0,BUILD_PASTURE,,
mrgrishninsb,91020223,7,0,7,22.0,hand_1,NORTH,,
mrgrishninsb,91020223,7,0,7,22.0,hand_2,NORTH,,
mrgrishninsb,91020223,7,0,7,22.0,hand_3,NORTH,,
mrgrishninsb,91020223,7,0,7,22.0,hand_4,NORTH,,
mrgrishninsb,91020223,8,0,8,22.0,farmer,FEED,WHEAT,
mrgrishninsb,91020223,8,0,8,22.0,hand_0,PLACE,COW,
mrgrishninsb,91020223,8,0,8,22.0,hand_1,PLANT,MELON,
mrgrishninsb,91020223,8,0,8,22.0,hand_2,PLANT,MELON,
mrgrishninsb,91020223,8,0,8,22.0,hand_3,NORTH,,
mrgrishninsb,91020223,8,0,8,22.0,hand_4,NORTH,,
mrgrishninsb,91020223,9,0,9,22.0,farmer,CARE,,
mrgrishninsb,91020223,9,0,9,22.0,hand_0,FEED,WHEAT,
mrgrishninsb,91020223,9,0,9,22.0,hand_1,WATER,,
mrgrishninsb,91020223,9,0,9,22.0,hand_2,WATER,,
mrgrishninsb,91020223,9,0,9,22.0,hand_3,PLANT,WHEAT,
mrgrishninsb,91020223,9,0,9,22.0,hand_4,PLANT,MELON,
mrgrishninsb,91020223,10,0,10,22.0,farmer,PASS,,
mrgrishninsb,91020223,10,0,10,22.0,hand_0,CARE,,
mrgrishninsb,91020223,10,0,10,22.0,hand_1,NORTH,,
mrgrishninsb,91020223,10,0,10,22.0,hand_2,EAST,,
mrgrishninsb,91020223,10,0,10,22.0,hand_3,WATER,,
mrgrishninsb,91020223,10,0,10,22.0,hand_4,WATER,,
mrgrishninsb,91020223,11,0,11,22.0,farmer,PASS,,
mrgrishninsb,91020223,11,0,11,22.0,hand_0,NORTH,,
mrgrishninsb,91020223,11,0,11,22.0,hand_1,PLANT,MELON,
mrgrishninsb,91020223,11,0,11,22.0,hand_2,EAST,,
mrgrishninsb,91020223,11,0,11,22.0,hand_3,EAST,,
mrgrishninsb,91020223,11,0,11,22.0,hand_4,SOUTH,,
mrgrishninsb,91020223,12,0,12,22.0,farmer,PASS,,
mrgrishninsb,91020223,12,0,12,22.0,hand_0,BUILD_PASTURE,,
mrgrishninsb,91020223,12,0,12,22.0,hand_1,WATER,,
mrgrishninsb,91020223,12,0,12,22.0,hand_2,EAST,,
mrgrishninsb,91020223,12,0,12,22.0,hand_3,PLANT,WHEAT,
mrgrishninsb,91020223,12,0,12,22.0,hand_4,PLANT,MELON,
mrgrishninsb,91020223,13,0,13,22.0,farmer,PASS,,
mrgrishninsb,91020223,13,0,13,22.0,hand_0,PLACE,COW,
mrgrishninsb,91020223,13,0,13,22.0,hand_1,NORTH,,
mrgrishninsb,91020223,13,0,13,22.0,hand_2,EAST,,
mrgrishninsb,91020223,13,0,13,22.0,hand_3,WATER,,
mrgrishninsb,91020223,13,0,13,22.0,hand_4,WATER,,
mrgrishninsb,91020223,14,0,14,22.0,farmer,PASS,,
mrgrishninsb,91020223,14,0,14,22.0,hand_0,FEED,WHEAT,
mrgrishninsb,91020223,14,0,14,22.0,hand_1,PLANT,WHEAT,
mrgrishninsb,91020223,14,0,14,22.0,hand_2,NORTH,,
mrgrishninsb,91020223,14,0,14,22.0,hand_3,EAST,,
mrgrishninsb,91020223,14,0,14,22.0,hand_4,EAST,,
mrgrishninsb,91020223,15,0,15,22.0,farmer,PASS,,
mrgrishninsb,91020223,15,0,15,22.0,hand_0,CARE,,
mrgrishninsb,91020223,15,0,15,22.0,hand_1,WATER,,
mrgrishninsb,91020223,15,0,15,22.0,hand_2,NORTH,,
mrgrishninsb,91020223,15,0,15,22.0,hand_3,PLANT,MELON,
mrgrishninsb,91020223,15,0,15,22.0,hand_4,PLANT,MELON,
mrgrishninsb,91020223,16,0,16,22.0,farmer,PASS,,
mrgrishninsb,91020223,16,0,16,22.0,hand_0,WEST,,
mrgrishninsb,91020223,16,0,16,22.0,hand_1,WEST,,
mrgrishninsb,91020223,16,0,16,22.0,hand_2,NORTH,,
mrgrishninsb,91020223,16,0,16,22.0,hand_3,WATER,,
mrgrishninsb,91020223,16,0,16,22.0,hand_4,WATER,,
mrgrishninsb,91020223,17,0,17,22.0,farmer,PASS,,
mrgrishninsb,91020223,17,0,17,22.0,hand_0,SOUTH,,
mrgrishninsb,91020223,17,0,17,22.0,hand_1,PLANT,WHEAT,
mrgrishninsb,91020223,17,0,17,22.0,hand_2,PLANT,MELON,
mrgrishninsb,91020223,17,0,17,22.0,hand_3,SOUTH,,
mrgrishninsb,91020223,17,0,17,22.0,hand_4,EAST,,
mrgrishninsb,91020223,18,0,18,22.0,farmer,PASS,,
mrgrishninsb,91020223,18,0,18,22.0,hand_0,BUILD_PASTURE,,
mrgrishninsb,91020223,18,0,18,22.0,hand_1,WATER,,
mrgrishninsb,91020223,18,0,18,22.0,hand_2,WATER,,
mrgrishninsb,91020223,18,0,18,22.0,hand_3,PLANT,MELON,
mrgrishninsb,91020223,18,0,18,22.0,hand_4,PLANT,MELON,
mrgrishninsb,91020223,19,0,19,22.0,farmer,PASS,,
mrgrishninsb,91020223,19,0,19,22.0,hand_0,PLACE,SHEEP,
mrgrishninsb,91020223,19,0,19,22.0,hand_1,WEST,,
mrgrishninsb,91020223,19,0,19,22.0,hand_2,NORTH,,
mrgrishninsb,91020223,19,0,19,22.0,hand_3,WATER,,
mrgrishninsb,91020223,19,0,19,22.0,hand_4,WATER,,
mrgrishninsb,91020223,20,0,20,22.0,farmer,PASS,,
mrgrishninsb,91020223,20,0,20,22.0,hand_0,FEED,WHEAT,
mrgrishninsb,91020223,20,0,20,22.0,hand_1,PLANT,WHEAT,
mrgrishninsb,91020223,20,0,20,22.0,hand_2,PLANT,WHEAT,
mrgrishninsb,91020223,20,0,20,22.0,hand_3,WEST,,
mrgrishninsb,91020223,20,0,20,22.0,hand_4,WEST,,
mrgrishninsb,91020223,21,0,21,22.0,farmer,PASS,,
mrgrishninsb,91020223,21,0,21,22.0,hand_0,CARE,,
mrgrishninsb,91020223,21,0,21,22.0,hand_1,WATER,,
mrgrishninsb,91020223,21,0,21,22.0,hand_2,WATER,,
mrgrishninsb,91020223,21,0,21,22.0,hand_3,PLANT,MELON,
mrgrishninsb,91020223,21,0,21,22.0,hand_4,SOUTH,,
mrgrishninsb,91020223,22,0,22,22.0,farmer,PASS,,
mrgrishninsb,91020223,22,0,22,22.0,hand_0,PASS,,
mrgrishninsb,91020223,22,0,22,22.0,hand_1,WEST,,
mrgrishninsb,91020223,22,0,22,22.0,hand_2,PASS,,
mrgrishninsb,91020223,22,0,22,22.0,hand_3,WATER,,
mrgrishninsb,91020223,22,0,22,22.0,hand_4,PLANT,MELON,
mrgrishninsb,91020223,23,0,23,22.0,farmer,PASS,,
mrgrishninsb,91020223,23,0,23,22.0,hand_0,PASS,,
mrgrishninsb,91020223,23,0,23,22.0,hand_1,PLANT,WHEAT,
mrgrishninsb,91020223,23,0,23,22.0,hand_2,PASS,,
mrgrishninsb,91020223,23,0,23,22.0,hand_3,PASS,,
mrgrishninsb,91020223,23,0,23,22.0,hand_4,WATER,,
mrgrishninsb,91020223,24,1,0,22.0,farmer,PASS,,
mrgrishninsb,91020223,24,1,0,22.0,hand_0,PASS,,
mrgrishninsb,91020223,24,1,0,22.0,hand_1,WATER,,
mrgrishninsb,91020223,24,1,0,22.0,hand_2,PASS,,
mrgrishninsb,91020223,24,1,0,22.0,hand_3,PASS,,
mrgrishninsb,91020223,24,1,0,22.0,hand_4,PASS,,
mrgrishninsb,91020223,25,1,1,22.0,farmer,PASS,,
mrgrishninsb,91020223,26,1,2,22.0,farmer,PICKUP,WHEAT,1
mrgrishninsb,91020223,27,1,3,22.0,farmer,NORTH,,
mrgrishninsb,91020223,28,1,4,22.0,farmer,FEED,WHEAT,
mrgrishninsb,91020223,29,1,5,22.0,farmer,CARE,,
mrgrishninsb,91020223,30,1,6,22.0,farmer,COLLECT_FERTILIZER,,
mrgrishninsb,91020223,31,1,7,22.0,farmer,NORTH,,
mrgrishninsb,91020223,32,1,8,22.0,farmer,CARE,,
mrgrishninsb,91020223,33,1,9,22.0,farmer,COLLECT_FERTILIZER,,
mrgrishninsb,91020223,34,1,10,22.0,farmer,WEST,,
mrgrishninsb,91020223,35,1,11,22.0,farmer,SOUTH,,
mrgrishninsb,91020223,36,1,12,22.0,farmer,CARE,,
mrgrishninsb,91020223,37,1,13,22.0,farmer,COLLECT_FERTILIZER,,
mrgrishninsb,91020223,38,1,14,22.0,farmer,WEST,,
mrgrishninsb,91020223,39,1,15,22.0,farmer,SOUTH,,
mrgrishninsb,91020223,40,1,16,22.0,farmer,CARE,,
mrgrishninsb,91020223,41,1,17,22.0,farmer,COLLECT_FERTILIZER,,
mrgrishninsb,91020223,42,1,18,22.0,farmer,PASS,,
mrgrishninsb,91020223,43,1,19,22.0,farmer,PASS,,
mrgrishninsb,91020223,44,1,20,22.0,farmer,PASS,,
mrgrishninsb,91020223,45,1,21,22.0,farmer,PASS,,
mrgrishninsb,91020223,46,1,22,22.0,farmer,PASS,,
mrgrishninsb,91020223,47,1,23,22.0,farmer,PASS,,
mrgrishninsb,91027755,0,0,0,3000.0,farmer,PASS,,
mrgrishninsb,91027755,1,0,1,22.0,farmer,PASS,,
mrgrishninsb,91027755,1,0,1,22.0,market,HIRE,,
mrgrishninsb,91027755,1,0,1,22.0,market,HIRE,,
mrgrishninsb,91027755,1,0,1,22.0,market,HIRE,,
mrgrishninsb,91027755,1,0,1,22.0,market,HIRE,,
mrgrishninsb,91027755,1,0,1,22.0,market,HIRE,,
mrgrishninsb,91027755,1,0,1,22.0,market,BUY_ANIMAL,COW,2
mrgrishninsb,91027755,1,0,1,22.0,market,BUY_ANIMAL,SHEEP,2
mrgrishninsb,91027755,1,0,1,22.0,market,BUY_SEED,WHEAT,7
mrgrishninsb,91027755,1,0,1,22.0,market,BUY_SEED,MELON,12
mrgrishninsb,91027755,1,0,1,22.0,market,BUY_PRODUCT,WHEAT,5
mrgrishninsb,91027755,2,0,2,50.0,farmer,PICKUP,SHEEP,1
mrgrishninsb,91027755,2,0,2,50.0,hand_0,WEST,,
mrgrishninsb,91027755,2,0,2,50.0,hand_1,NORTH,,
mrgrishninsb,91027755,2,0,2,50.0,hand_2,WEST,,
mrgrishninsb,91027755,2,0,2,50.0,hand_3,WEST,,
mrgrishninsb,91027755,2,0,2,50.0,hand_4,WEST,,
mrgrishninsb,91027755,2,0,2,50.0,market,SELL,WHEAT,1
mrgrishninsb,91027755,3,0,3,22.0,farmer,PICKUP,WHEAT,1
mrgrishninsb,91027755,3,0,3,22.0,hand_0,PICKUP,COW,2
mrgrishninsb,91027755,3,0,3,22.0,hand_1,BUILD_PASTURE,,
mrgrishninsb,91027755,3,0,3,22.0,hand_2,WEST,,
mrgrishninsb,91027755,3,0,3,22.0,hand_3,WEST,,
mrgrishninsb,91027755,3,0,3,22.0,hand_4,WEST,,
mrgrishninsb,91027755,3,0,3,22.0,market,BUY_PRODUCT,WHEAT,1
mrgrishninsb,91027755,4,0,4,50.0,farmer,WEST,,
mrgrishninsb,91027755,4,0,4,50.0,hand_0,PICKUP,SHEEP,1
mrgrishninsb,91027755,4,0,4,50.0,hand_1,WEST,,
mrgrishninsb,91027755,4,0,4,50.0,hand_2,WEST,,
mrgrishninsb,91027755,4,0,4,50.0,hand_3,WEST,,
mrgrishninsb,91027755,4,0,4,50.0,hand_4,WEST,,
mrgrishninsb,91027755,4,0,4,50.0,market,SELL,WHEAT,1
mrgrishninsb,91027755,5,0,5,22.0,farmer,WEST,,
mrgrishninsb,91027755,5,0,5,22.0,hand_0,PICKUP,WHEAT,3
mrgrishninsb,91027755,5,0,5,22.0,hand_1,BUILD_PASTURE,,
mrgrishninsb,91027755,5,0,5,22.0,hand_2,WEST,,
mrgrishninsb,91027755,5,0,5,22.0,hand_3,WEST,,
mrgrishninsb,91027755,5,0,5,22.0,hand_4,WEST,,
mrgrishninsb,91027755,5,0,5,22.0,market,BUY_PRODUCT,WHEAT,1
mrgrishninsb,91027755,6,0,6,22.0,farmer,BUILD_PASTURE,,
mrgrishninsb,91027755,6,0,6,22.0,hand_0,NORTH,,
mrgrishninsb,91027755,6,0,6,22.0,hand_1,NORTH,,
mrgrishninsb,91027755,6,0,6,22.0,hand_2,WEST,,
mrgrishninsb,91027755,6,0,6,22.0,hand_3,NORTH,,
mrgrishninsb,91027755,6,0,6,22.0,hand_4,WEST,,
mrgrishninsb,91027755,7,0,7,22.0,farmer,PLACE,SHEEP,
mrgrishninsb,91027755,7,0,7,22.0,hand_0,BUILD_PASTURE,,
mrgrishninsb,91027755,7,0,7,22.0,hand_1,NORTH,,
mrgrishninsb,91027755,7,0,7,22.0,hand_2,NORTH,,
mrgrishninsb,91027755,7,0,7,22.0,hand_3,NORTH,,
mrgrishninsb,91027755,7,0,7,22.0,hand_4,NORTH,,
mrgrishninsb,91027755,8,0,8,22.0,farmer,FEED,WHEAT,
mrgrishninsb,91027755,8,0,8,22.0,hand_0,PLACE,COW,
mrgrishninsb,91027755,8,0,8,22.0,hand_1,PLANT,MELON,
mrgrishninsb,91027755,8,0,8,22.0,hand_2,PLANT,MELON,
mrgrishninsb,91027755,8,0,8,22.0,hand_3,NORTH,,
mrgrishninsb,91027755,8,0,8,22.0,hand_4,NORTH,,
mrgrishninsb,91027755,9,0,9,22.0,farmer,CARE,,
mrgrishninsb,91027755,9,0,9,22.0,hand_0,FEED,WHEAT,
mrgrishninsb,91027755,9,0,9,22.0,hand_1,WATER,,
mrgrishninsb,91027755,9,0,9,22.0,hand_2,WATER,,
mrgrishninsb,91027755,9,0,9,22.0,hand_3,PLANT,WHEAT,
mrgrishninsb,91027755,9,0,9,22.0,hand_4,PLANT,MELON,
mrgrishninsb,91027755,10,0,10,22.0,farmer,PASS,,
mrgrishninsb,91027755,10,0,10,22.0,hand_0,CARE,,
mrgrishninsb,91027755,10,0,10,22.0,hand_1,NORTH,,
mrgrishninsb,91027755,10,0,10,22.0,hand_2,EAST,,
mrgrishninsb,91027755,10,0,10,22.0,hand_3,WATER,,
mrgrishninsb,91027755,10,0,10,22.0,hand_4,WATER,,
mrgrishninsb,91027755,11,0,11,22.0,farmer,PASS,,
mrgrishninsb,91027755,11,0,11,22.0,hand_0,NORTH,,
mrgrishninsb,91027755,11,0,11,22.0,hand_1,PLANT,MELON,
mrgrishninsb,91027755,11,0,11,22.0,hand_2,EAST,,
mrgrishninsb,91027755,11,0,11,22.0,hand_3,EAST,,
mrgrishninsb,91027755,11,0,11,22.0,hand_4,SOUTH,,
mrgrishninsb,91027755,12,0,12,22.0,farmer,PASS,,
mrgrishninsb,91027755,12,0,12,22.0,hand_0,BUILD_PASTURE,,
mrgrishninsb,91027755,12,0,12,22.0,hand_1,WATER,,
mrgrishninsb,91027755,12,0,12,22.0,hand_2,EAST,,
mrgrishninsb,91027755,12,0,12,22.0,hand_3,PLANT,WHEAT,
mrgrishninsb,91027755,12,0,12,22.0,hand_4,PLANT,MELON,
mrgrishninsb,91027755,13,0,13,22.0,farmer,PASS,,
mrgrishninsb,91027755,13,0,13,22.0,hand_0,PLACE,COW,
mrgrishninsb,91027755,13,0,13,22.0,hand_1,NORTH,,
mrgrishninsb,91027755,13,0,13,22.0,hand_2,EAST,,
mrgrishninsb,91027755,13,0,13,22.0,hand_3,WATER,,
mrgrishninsb,91027755,13,0,13,22.0,hand_4,WATER,,
mrgrishninsb,91027755,14,0,14,22.0,farmer,PASS,,
mrgrishninsb,91027755,14,0,14,22.0,hand_0,FEED,WHEAT,
mrgrishninsb,91027755,14,0,14,22.0,hand_1,PLANT,WHEAT,
mrgrishninsb,91027755,14,0,14,22.0,hand_2,NORTH,,
mrgrishninsb,91027755,14,0,14,22.0,hand_3,EAST,,
mrgrishninsb,91027755,14,0,14,22.0,hand_4,EAST,,
mrgrishninsb,91027755,15,0,15,22.0,farmer,PASS,,
mrgrishninsb,91027755,15,0,15,22.0,hand_0,CARE,,
mrgrishninsb,91027755,15,0,15,22.0,hand_1,WATER,,
mrgrishninsb,91027755,15,0,15,22.0,hand_2,NORTH,,
mrgrishninsb,91027755,15,0,15,22.0,hand_3,PLANT,MELON,
mrgrishninsb,91027755,15,0,15,22.0,hand_4,PLANT,MELON,
mrgrishninsb,91027755,16,0,16,22.0,farmer,PASS,,
mrgrishninsb,91027755,16,0,16,22.0,hand_0,WEST,,
mrgrishninsb,91027755,16,0,16,22.0,hand_1,WEST,,
mrgrishninsb,91027755,16,0,16,22.0,hand_2,NORTH,,
mrgrishninsb,91027755,16,0,16,22.0,hand_3,WATER,,
mrgrishninsb,91027755,16,0,16,22.0,hand_4,WATER,,
mrgrishninsb,91027755,17,0,17,22.0,farmer,PASS,,
mrgrishninsb,91027755,17,0,17,22.0,hand_0,SOUTH,,
mrgrishninsb,91027755,17,0,17,22.0,hand_1,PLANT,WHEAT,
mrgrishninsb,91027755,17,0,17,22.0,hand_2,PLANT,MELON,
mrgrishninsb,91027755,17,0,17,22.0,hand_3,SOUTH,,
mrgrishninsb,91027755,17,0,17,22.0,hand_4,EAST,,
mrgrishninsb,91027755,18,0,18,22.0,farmer,PASS,,
mrgrishninsb,91027755,18,0,18,22.0,hand_0,BUILD_PASTURE,,
mrgrishninsb,91027755,18,0,18,22.0,hand_1,WATER,,
mrgrishninsb,91027755,18,0,18,22.0,hand_2,WATER,,
mrgrishninsb,91027755,18,0,18,22.0,hand_3,PLANT,MELON,
mrgrishninsb,91027755,18,0,18,22.0,hand_4,PLANT,MELON,
mrgrishninsb,91027755,19,0,19,22.0,farmer,PASS,,
mrgrishninsb,91027755,19,0,19,22.0,hand_0,PLACE,SHEEP,
mrgrishninsb,91027755,19,0,19,22.0,hand_1,WEST,,
mrgrishninsb,91027755,19,0,19,22.0,hand_2,NORTH,,
mrgrishninsb,91027755,19,0,19,22.0,hand_3,WATER,,
mrgrishninsb,91027755,19,0,19,22.0,hand_4,WATER,,
mrgrishninsb,91027755,20,0,20,22.0,farmer,PASS,,
mrgrishninsb,91027755,20,0,20,22.0,hand_0,FEED,WHEAT,
mrgrishninsb,91027755,20,0,20,22.0,hand_1,PLANT,WHEAT,
mrgrishninsb,91027755,20,0,20,22.0,hand_2,PLANT,WHEAT,
mrgrishninsb,91027755,20,0,20,22.0,hand_3,WEST,,
mrgrishninsb,91027755,20,0,20,22.0,hand_4,WEST,,
mrgrishninsb,91027755,21,0,21,22.0,farmer,PASS,,
mrgrishninsb,91027755,21,0,21,22.0,hand_0,CARE,,
mrgrishninsb,91027755,21,0,21,22.0,hand_1,WATER,,
mrgrishninsb,91027755,21,0,21,22.0,hand_2,WATER,,
mrgrishninsb,91027755,21,0,21,22.0,hand_3,PLANT,MELON,
mrgrishninsb,91027755,21,0,21,22.0,hand_4,SOUTH,,
mrgrishninsb,91027755,22,0,22,22.0,farmer,PASS,,
mrgrishninsb,91027755,22,0,22,22.0,hand_0,PASS,,
mrgrishninsb,91027755,22,0,22,22.0,hand_1,WEST,,
mrgrishninsb,91027755,22,0,22,22.0,hand_2,PASS,,
mrgrishninsb,91027755,22,0,22,22.0,hand_3,WATER,,
mrgrishninsb,91027755,22,0,22,22.0,hand_4,PLANT,MELON,
mrgrishninsb,91027755,23,0,23,22.0,farmer,PASS,,
mrgrishninsb,91027755,23,0,23,22.0,hand_0,PASS,,
mrgrishninsb,91027755,23,0,23,22.0,hand_1,PLANT,WHEAT,
mrgrishninsb,91027755,23,0,23,22.0,hand_2,PASS,,
mrgrishninsb,91027755,23,0,23,22.0,hand_3,PASS,,
mrgrishninsb,91027755,23,0,23,22.0,hand_4,WATER,,
mrgrishninsb,91027755,24,1,0,22.0,farmer,PASS,,
mrgrishninsb,91027755,24,1,0,22.0,hand_0,PASS,,
mrgrishninsb,91027755,24,1,0,22.0,hand_1,WATER,,
mrgrishninsb,91027755,24,1,0,22.0,hand_2,PASS,,
mrgrishninsb,91027755,24,1,0,22.0,hand_3,PASS,,
mrgrishninsb,91027755,24,1,0,22.0,hand_4,PASS,,
mrgrishninsb,91027755,25,1,1,22.0,farmer,PASS,,
mrgrishninsb,91027755,26,1,2,22.0,farmer,PICKUP,WHEAT,1
mrgrishninsb,91027755,27,1,3,22.0,farmer,NORTH,,
mrgrishninsb,91027755,28,1,4,22.0,farmer,FEED,WHEAT,
mrgrishninsb,91027755,29,1,5,22.0,farmer,CARE,,
mrgrishninsb,91027755,30,1,6,22.0,farmer,COLLECT_FERTILIZER,,
mrgrishninsb,91027755,31,1,7,22.0,farmer,NORTH,,
mrgrishninsb,91027755,32,1,8,22.0,farmer,CARE,,
mrgrishninsb,91027755,33,1,9,22.0,farmer,COLLECT_FERTILIZER,,
mrgrishninsb,91027755,34,1,10,22.0,farmer,WEST,,
mrgrishninsb,91027755,35,1,11,22.0,farmer,SOUTH,,
mrgrishninsb,91027755,36,1,12,22.0,farmer,CARE,,
mrgrishninsb,91027755,37,1,13,22.0,farmer,COLLECT_FERTILIZER,,
mrgrishninsb,91027755,38,1,14,22.0,farmer,WEST,,
mrgrishninsb,91027755,39,1,15,22.0,farmer,SOUTH,,
mrgrishninsb,91027755,40,1,16,22.0,farmer,CARE,,
mrgrishninsb,91027755,41,1,17,22.0,farmer,COLLECT_FERTILIZER,,
mrgrishninsb,91027755,42,1,18,22.0,farmer,PASS,,
mrgrishninsb,91027755,43,1,19,22.0,farmer,PASS,,
mrgrishninsb,91027755,44,1,20,22.0,farmer,PASS,,
mrgrishninsb,91027755,45,1,21,22.0,farmer,PASS,,
mrgrishninsb,91027755,46,1,22,22.0,farmer,PASS,,
mrgrishninsb,91027755,47,1,23,22.0,farmer,PASS,,
mrgrishninsb,91037072,0,0,0,3000.0,farmer,PASS,,
mrgrishninsb,91037072,1,0,1,22.0,farmer,PASS,,
mrgrishninsb,91037072,1,0,1,22.0,market,HIRE,,
mrgrishninsb,91037072,1,0,1,22.0,market,HIRE,,
mrgrishninsb,91037072,1,0,1,22.0,market,HIRE,,
mrgrishninsb,91037072,1,0,1,22.0,market,HIRE,,
mrgrishninsb,91037072,1,0,1,22.0,market,HIRE,,
mrgrishninsb,91037072,1,0,1,22.0,market,BUY_ANIMAL,COW,2
mrgrishninsb,91037072,1,0,1,22.0,market,BUY_ANIMAL,SHEEP,2
mrgrishninsb,91037072,1,0,1,22.0,market,BUY_SEED,WHEAT,7
mrgrishninsb,91037072,1,0,1,22.0,market,BUY_SEED,MELON,12
mrgrishninsb,91037072,1,0,1,22.0,market,BUY_PRODUCT,WHEAT,5
mrgrishninsb,91037072,2,0,2,50.0,farmer,PICKUP,SHEEP,1
mrgrishninsb,91037072,2,0,2,50.0,hand_0,WEST,,
mrgrishninsb,91037072,2,0,2,50.0,hand_1,NORTH,,
mrgrishninsb,91037072,2,0,2,50.0,hand_2,WEST,,
mrgrishninsb,91037072,2,0,2,50.0,hand_3,WEST,,
mrgrishninsb,91037072,2,0,2,50.0,hand_4,WEST,,
mrgrishninsb,91037072,2,0,2,50.0,market,SELL,WHEAT,1
mrgrishninsb,91037072,3,0,3,22.0,farmer,PICKUP,WHEAT,1
mrgrishninsb,91037072,3,0,3,22.0,hand_0,PICKUP,COW,2
mrgrishninsb,91037072,3,0,3,22.0,hand_1,BUILD_PASTURE,,
mrgrishninsb,91037072,3,0,3,22.0,hand_2,WEST,,
mrgrishninsb,91037072,3,0,3,22.0,hand_3,WEST,,
mrgrishninsb,91037072,3,0,3,22.0,hand_4,WEST,,
mrgrishninsb,91037072,3,0,3,22.0,market,BUY_PRODUCT,WHEAT,1
mrgrishninsb,91037072,4,0,4,50.0,farmer,WEST,,
mrgrishninsb,91037072,4,0,4,50.0,hand_0,PICKUP,SHEEP,1
mrgrishninsb,91037072,4,0,4,50.0,hand_1,WEST,,
mrgrishninsb,91037072,4,0,4,50.0,hand_2,WEST,,
mrgrishninsb,91037072,4,0,4,50.0,hand_3,WEST,,
mrgrishninsb,91037072,4,0,4,50.0,hand_4,WEST,,
mrgrishninsb,91037072,4,0,4,50.0,market,SELL,WHEAT,1
mrgrishninsb,91037072,5,0,5,22.0,farmer,WEST,,
mrgrishninsb,91037072,5,0,5,22.0,hand_0,PICKUP,WHEAT,3
mrgrishninsb,91037072,5,0,5,22.0,hand_1,BUILD_PASTURE,,
mrgrishninsb,91037072,5,0,5,22.0,hand_2,WEST,,
mrgrishninsb,91037072,5,0,5,22.0,hand_3,WEST,,
mrgrishninsb,91037072,5,0,5,22.0,hand_4,WEST,,
mrgrishninsb,91037072,5,0,5,22.0,market,BUY_PRODUCT,WHEAT,1
mrgrishninsb,91037072,6,0,6,22.0,farmer,BUILD_PASTURE,,
mrgrishninsb,91037072,6,0,6,22.0,hand_0,NORTH,,
mrgrishninsb,91037072,6,0,6,22.0,hand_1,NORTH,,
mrgrishninsb,91037072,6,0,6,22.0,hand_2,WEST,,
mrgrishninsb,91037072,6,0,6,22.0,hand_3,NORTH,,
mrgrishninsb,91037072,6,0,6,22.0,hand_4,WEST,,
mrgrishninsb,91037072,7,0,7,22.0,farmer,PLACE,SHEEP,
mrgrishninsb,91037072,7,0,7,22.0,hand_0,BUILD_PASTURE,,
mrgrishninsb,91037072,7,0,7,22.0,hand_1,NORTH,,
mrgrishninsb,91037072,7,0,7,22.0,hand_2,NORTH,,
mrgrishninsb,91037072,7,0,7,22.0,hand_3,NORTH,,
mrgrishninsb,91037072,7,0,7,22.0,hand_4,NORTH,,
mrgrishninsb,91037072,8,0,8,22.0,farmer,FEED,WHEAT,
mrgrishninsb,91037072,8,0,8,22.0,hand_0,PLACE,COW,
mrgrishninsb,91037072,8,0,8,22.0,hand_1,PLANT,MELON,
mrgrishninsb,91037072,8,0,8,22.0,hand_2,PLANT,MELON,
mrgrishninsb,91037072,8,0,8,22.0,hand_3,NORTH,,
mrgrishninsb,91037072,8,0,8,22.0,hand_4,NORTH,,
mrgrishninsb,91037072,9,0,9,22.0,farmer,CARE,,
mrgrishninsb,91037072,9,0,9,22.0,hand_0,FEED,WHEAT,
mrgrishninsb,91037072,9,0,9,22.0,hand_1,WATER,,
mrgrishninsb,91037072,9,0,9,22.0,hand_2,WATER,,
mrgrishninsb,91037072,9,0,9,22.0,hand_3,PLANT,WHEAT,
mrgrishninsb,91037072,9,0,9,22.0,hand_4,PLANT,MELON,
mrgrishninsb,91037072,10,0,10,22.0,farmer,PASS,,
mrgrishninsb,91037072,10,0,10,22.0,hand_0,CARE,,
mrgrishninsb,91037072,10,0,10,22.0,hand_1,NORTH,,
mrgrishninsb,91037072,10,0,10,22.0,hand_2,EAST,,
mrgrishninsb,91037072,10,0,10,22.0,hand_3,WATER,,
mrgrishninsb,91037072,10,0,10,22.0,hand_4,WATER,,
mrgrishninsb,91037072,11,0,11,22.0,farmer,PASS,,
mrgrishninsb,91037072,11,0,11,22.0,hand_0,NORTH,,
mrgrishninsb,91037072,11,0,11,22.0,hand_1,PLANT,MELON,
mrgrishninsb,91037072,11,0,11,22.0,hand_2,EAST,,
mrgrishninsb,91037072,11,0,11,22.0,hand_3,EAST,,
mrgrishninsb,91037072,11,0,11,22.0,hand_4,SOUTH,,
mrgrishninsb,91037072,12,0,12,22.0,farmer,PASS,,
mrgrishninsb,91037072,12,0,12,22.0,hand_0,BUILD_PASTURE,,
mrgrishninsb,91037072,12,0,12,22.0,hand_1,WATER,,
mrgrishninsb,91037072,12,0,12,22.0,hand_2,EAST,,
mrgrishninsb,91037072,12,0,12,22.0,hand_3,PLANT,WHEAT,
mrgrishninsb,91037072,12,0,12,22.0,hand_4,PLANT,MELON,
mrgrishninsb,91037072,13,0,13,22.0,farmer,PASS,,
mrgrishninsb,91037072,13,0,13,22.0,hand_0,PLACE,COW,
mrgrishninsb,91037072,13,0,13,22.0,hand_1,NORTH,,
mrgrishninsb,91037072,13,0,13,22.0,hand_2,EAST,,
mrgrishninsb,91037072,13,0,13,22.0,hand_3,WATER,,
mrgrishninsb,91037072,13,0,13,22.0,hand_4,WATER,,
mrgrishninsb,91037072,14,0,14,22.0,farmer,PASS,,
mrgrishninsb,91037072,14,0,14,22.0,hand_0,FEED,WHEAT,
mrgrishninsb,91037072,14,0,14,22.0,hand_1,PLANT,WHEAT,
mrgrishninsb,91037072,14,0,14,22.0,hand_2,NORTH,,
mrgrishninsb,91037072,14,0,14,22.0,hand_3,EAST,,
mrgrishninsb,91037072,14,0,14,22.0,hand_4,EAST,,
mrgrishninsb,91037072,15,0,15,22.0,farmer,PASS,,
mrgrishninsb,91037072,15,0,15,22.0,hand_0,CARE,,
mrgrishninsb,91037072,15,0,15,22.0,hand_1,WATER,,
mrgrishninsb,91037072,15,0,15,22.0,hand_2,NORTH,,
mrgrishninsb,91037072,15,0,15,22.0,hand_3,PLANT,MELON,
mrgrishninsb,91037072,15,0,15,22.0,hand_4,PLANT,MELON,
mrgrishninsb,91037072,16,0,16,22.0,farmer,PASS,,
mrgrishninsb,91037072,16,0,16,22.0,hand_0,WEST,,
mrgrishninsb,91037072,16,0,16,22.0,hand_1,WEST,,
mrgrishninsb,91037072,16,0,16,22.0,hand_2,NORTH,,
mrgrishninsb,91037072,16,0,16,22.0,hand_3,WATER,,
mrgrishninsb,91037072,16,0,16,22.0,hand_4,WATER,,
mrgrishninsb,91037072,17,0,17,22.0,farmer,PASS,,
mrgrishninsb,91037072,17,0,17,22.0,hand_0,SOUTH,,
mrgrishninsb,91037072,17,0,17,22.0,hand_1,PLANT,WHEAT,
mrgrishninsb,91037072,17,0,17,22.0,hand_2,PLANT,MELON,
mrgrishninsb,91037072,17,0,17,22.0,hand_3,SOUTH,,
mrgrishninsb,91037072,17,0,17,22.0,hand_4,EAST,,
mrgrishninsb,91037072,18,0,18,22.0,farmer,PASS,,
mrgrishninsb,91037072,18,0,18,22.0,hand_0,BUILD_PASTURE,,
mrgrishninsb,91037072,18,0,18,22.0,hand_1,WATER,,
mrgrishninsb,91037072,18,0,18,22.0,hand_2,WATER,,
mrgrishninsb,91037072,18,0,18,22.0,hand_3,PLANT,MELON,
mrgrishninsb,91037072,18,0,18,22.0,hand_4,PLANT,MELON,
mrgrishninsb,91037072,19,0,19,22.0,farmer,PASS,,
mrgrishninsb,91037072,19,0,19,22.0,hand_0,PLACE,SHEEP,
mrgrishninsb,91037072,19,0,19,22.0,hand_1,WEST,,
mrgrishninsb,91037072,19,0,19,22.0,hand_2,NORTH,,
mrgrishninsb,91037072,19,0,19,22.0,hand_3,WATER,,
mrgrishninsb,91037072,19,0,19,22.0,hand_4,WATER,,
mrgrishninsb,91037072,20,0,20,22.0,farmer,PASS,,
mrgrishninsb,91037072,20,0,20,22.0,hand_0,FEED,WHEAT,
mrgrishninsb,91037072,20,0,20,22.0,hand_1,PLANT,WHEAT,
mrgrishninsb,91037072,20,0,20,22.0,hand_2,PLANT,WHEAT,
mrgrishninsb,91037072,20,0,20,22.0,hand_3,WEST,,
mrgrishninsb,91037072,20,0,20,22.0,hand_4,WEST,,
mrgrishninsb,91037072,21,0,21,22.0,farmer,PASS,,
mrgrishninsb,91037072,21,0,21,22.0,hand_0,CARE,,
mrgrishninsb,91037072,21,0,21,22.0,hand_1,WATER,,
mrgrishninsb,91037072,21,0,21,22.0,hand_2,WATER,,
mrgrishninsb,91037072,21,0,21,22.0,hand_3,PLANT,MELON,
mrgrishninsb,91037072,21,0,21,22.0,hand_4,SOUTH,,
mrgrishninsb,91037072,22,0,22,22.0,farmer,PASS,,
mrgrishninsb,91037072,22,0,22,22.0,hand_0,PASS,,
mrgrishninsb,91037072,22,0,22,22.0,hand_1,WEST,,
mrgrishninsb,91037072,22,0,22,22.0,hand_2,PASS,,
mrgrishninsb,91037072,22,0,22,22.0,hand_3,WATER,,
mrgrishninsb,91037072,22,0,22,22.0,hand_4,PLANT,MELON,
mrgrishninsb,91037072,23,0,23,22.0,farmer,PASS,,
mrgrishninsb,91037072,23,0,23,22.0,hand_0,PASS,,
mrgrishninsb,91037072,23,0,23,22.0,hand_1,PLANT,WHEAT,
mrgrishninsb,91037072,23,0,23,22.0,hand_2,PASS,,
mrgrishninsb,91037072,23,0,23,22.0,hand_3,PASS,,
mrgrishninsb,91037072,23,0,23,22.0,hand_4,WATER,,
mrgrishninsb,91037072,24,1,0,22.0,farmer,PASS,,
mrgrishninsb,91037072,24,1,0,22.0,hand_0,PASS,,
mrgrishninsb,91037072,24,1,0,22.0,hand_1,WATER,,
mrgrishninsb,91037072,24,1,0,22.0,hand_2,PASS,,
mrgrishninsb,91037072,24,1,0,22.0,hand_3,PASS,,
mrgrishninsb,91037072,24,1,0,22.0,hand_4,PASS,,
mrgrishninsb,91037072,25,1,1,22.0,farmer,PASS,,
mrgrishninsb,91037072,26,1,2,22.0,farmer,PICKUP,WHEAT,1
mrgrishninsb,91037072,27,1,3,22.0,farmer,NORTH,,
mrgrishninsb,91037072,28,1,4,22.0,farmer,FEED,WHEAT,
mrgrishninsb,91037072,29,1,5,22.0,farmer,CARE,,
mrgrishninsb,91037072,30,1,6,22.0,farmer,COLLECT_FERTILIZER,,
mrgrishninsb,91037072,31,1,7,22.0,farmer,NORTH,,
mrgrishninsb,91037072,32,1,8,22.0,farmer,CARE,,
mrgrishninsb,91037072,33,1,9,22.0,farmer,COLLECT_FERTILIZER,,
mrgrishninsb,91037072,34,1,10,22.0,farmer,WEST,,
mrgrishninsb,91037072,35,1,11,22.0,farmer,SOUTH,,
mrgrishninsb,91037072,36,1,12,22.0,farmer,CARE,,
mrgrishninsb,91037072,37,1,13,22.0,farmer,COLLECT_FERTILIZER,,
mrgrishninsb,91037072,38,1,14,22.0,farmer,WEST,,
mrgrishninsb,91037072,39,1,15,22.0,farmer,SOUTH,,
mrgrishninsb,91037072,40,1,16,22.0,farmer,CARE,,
mrgrishninsb,91037072,41,1,17,22.0,farmer,COLLECT_FERTILIZER,,
mrgrishninsb,91037072,42,1,18,22.0,farmer,PASS,,
mrgrishninsb,91037072,43,1,19,22.0,farmer,PASS,,
mrgrishninsb,91037072,44,1,20,22.0,farmer,PASS,,
mrgrishninsb,91037072,45,1,21,22.0,farmer,PASS,,
mrgrishninsb,91037072,46,1,22,22.0,farmer,PASS,,
mrgrishninsb,91037072,47,1,23,22.0,farmer,PASS,,
tao_wu11,91031978,0,0,0,3000.0,farmer,PASS,,
tao_wu11,91031978,1,0,1,22.0,farmer,PASS,,
tao_wu11,91031978,1,0,1,22.0,market,HIRE,,
tao_wu11,91031978,1,0,1,22.0,market,HIRE,,
tao_wu11,91031978,1,0,1,22.0,market,HIRE,,
tao_wu11,91031978,1,0,1,22.0,market,HIRE,,
tao_wu11,91031978,1,0,1,22.0,market,HIRE,,
tao_wu11,91031978,1,0,1,22.0,market,BUY_ANIMAL,COW,2
tao_wu11,91031978,1,0,1,22.0,market,BUY_ANIMAL,SHEEP,2
tao_wu11,91031978,1,0,1,22.0,market,BUY_SEED,WHEAT,7
tao_wu11,91031978,1,0,1,22.0,market,BUY_SEED,MELON,12
tao_wu11,91031978,1,0,1,22.0,market,BUY_PRODUCT,WHEAT,5
tao_wu11,91031978,2,0,2,50.0,farmer,PICKUP,SHEEP,1
tao_wu11,91031978,2,0,2,50.0,hand_0,WEST,,
tao_wu11,91031978,2,0,2,50.0,hand_1,NORTH,,
tao_wu11,91031978,2,0,2,50.0,hand_2,WEST,,
tao_wu11,91031978,2,0,2,50.0,hand_3,WEST,,
tao_wu11,91031978,2,0,2,50.0,hand_4,WEST,,
tao_wu11,91031978,2,0,2,50.0,market,SELL,WHEAT,1
tao_wu11,91031978,3,0,3,22.0,farmer,PICKUP,WHEAT,1
tao_wu11,91031978,3,0,3,22.0,hand_0,PICKUP,COW,2
tao_wu11,91031978,3,0,3,22.0,hand_1,BUILD_PASTURE,,
tao_wu11,91031978,3,0,3,22.0,hand_2,WEST,,
tao_wu11,91031978,3,0,3,22.0,hand_3,WEST,,
tao_wu11,91031978,3,0,3,22.0,hand_4,WEST,,
tao_wu11,91031978,3,0,3,22.0,market,BUY_PRODUCT,WHEAT,1
tao_wu11,91031978,4,0,4,50.0,farmer,WEST,,
tao_wu11,91031978,4,0,4,50.0,hand_0,PICKUP,SHEEP,1
tao_wu11,91031978,4,0,4,50.0,hand_1,WEST,,
tao_wu11,91031978,4,0,4,50.0,hand_2,WEST,,
tao_wu11,91031978,4,0,4,50.0,hand_3,WEST,,
tao_wu11,91031978,4,0,4,50.0,hand_4,WEST,,
tao_wu11,91031978,4,0,4,50.0,market,SELL,WHEAT,1
tao_wu11,91031978,5,0,5,22.0,farmer,WEST,,
tao_wu11,91031978,5,0,5,22.0,hand_0,PICKUP,WHEAT,3
tao_wu11,91031978,5,0,5,22.0,hand_1,BUILD_PASTURE,,
tao_wu11,91031978,5,0,5,22.0,hand_2,WEST,,
tao_wu11,91031978,5,0,5,22.0,hand_3,WEST,,
tao_wu11,91031978,5,0,5,22.0,hand_4,WEST,,
tao_wu11,91031978,5,0,5,22.0,market,BUY_PRODUCT,WHEAT,1
tao_wu11,91031978,6,0,6,22.0,farmer,BUILD_PASTURE,,
tao_wu11,91031978,6,0,6,22.0,hand_0,NORTH,,
tao_wu11,91031978,6,0,6,22.0,hand_1,NORTH,,
tao_wu11,91031978,6,0,6,22.0,hand_2,WEST,,
tao_wu11,91031978,6,0,6,22.0,hand_3,NORTH,,
tao_wu11,91031978,6,0,6,22.0,hand_4,WEST,,
tao_wu11,91031978,7,0,7,22.0,farmer,PLACE,SHEEP,
tao_wu11,91031978,7,0,7,22.0,hand_0,BUILD_PASTURE,,
tao_wu11,91031978,7,0,7,22.0,hand_1,NORTH,,
tao_wu11,91031978,7,0,7,22.0,hand_2,NORTH,,
tao_wu11,91031978,7,0,7,22.0,hand_3,NORTH,,
tao_wu11,91031978,7,0,7,22.0,hand_4,NORTH,,
tao_wu11,91031978,8,0,8,22.0,farmer,FEED,WHEAT,
tao_wu11,91031978,8,0,8,22.0,hand_0,PLACE,COW,
tao_wu11,91031978,8,0,8,22.0,hand_1,PLANT,MELON,
tao_wu11,91031978,8,0,8,22.0,hand_2,PLANT,MELON,
tao_wu11,91031978,8,0,8,22.0,hand_3,NORTH,,
tao_wu11,91031978,8,0,8,22.0,hand_4,NORTH,,
tao_wu11,91031978,9,0,9,22.0,farmer,CARE,,
tao_wu11,91031978,9,0,9,22.0,hand_0,FEED,WHEAT,
tao_wu11,91031978,9,0,9,22.0,hand_1,WATER,,
tao_wu11,91031978,9,0,9,22.0,hand_2,WATER,,
tao_wu11,91031978,9,0,9,22.0,hand_3,PLANT,WHEAT,
tao_wu11,91031978,9,0,9,22.0,hand_4,PLANT,MELON,
tao_wu11,91031978,10,0,10,22.0,farmer,PASS,,
tao_wu11,91031978,10,0,10,22.0,hand_0,CARE,,
tao_wu11,91031978,10,0,10,22.0,hand_1,NORTH,,
tao_wu11,91031978,10,0,10,22.0,hand_2,EAST,,
tao_wu11,91031978,10,0,10,22.0,hand_3,WATER,,
tao_wu11,91031978,10,0,10,22.0,hand_4,WATER,,
tao_wu11,91031978,11,0,11,22.0,farmer,PASS,,
tao_wu11,91031978,11,0,11,22.0,hand_0,NORTH,,
tao_wu11,91031978,11,0,11,22.0,hand_1,PLANT,MELON,
tao_wu11,91031978,11,0,11,22.0,hand_2,EAST,,
tao_wu11,91031978,11,0,11,22.0,hand_3,EAST,,
tao_wu11,91031978,11,0,11,22.0,hand_4,SOUTH,,
tao_wu11,91031978,12,0,12,22.0,farmer,PASS,,
tao_wu11,91031978,12,0,12,22.0,hand_0,BUILD_PASTURE,,
tao_wu11,91031978,12,0,12,22.0,hand_1,WATER,,
tao_wu11,91031978,12,0,12,22.0,hand_2,EAST,,
tao_wu11,91031978,12,0,12,22.0,hand_3,PLANT,WHEAT,
tao_wu11,91031978,12,0,12,22.0,hand_4,PLANT,MELON,
tao_wu11,91031978,13,0,13,22.0,farmer,PASS,,
tao_wu11,91031978,13,0,13,22.0,hand_0,PLACE,COW,
tao_wu11,91031978,13,0,13,22.0,hand_1,NORTH,,
tao_wu11,91031978,13,0,13,22.0,hand_2,EAST,,
tao_wu11,91031978,13,0,13,22.0,hand_3,WATER,,
tao_wu11,91031978,13,0,13,22.0,hand_4,WATER,,
tao_wu11,91031978,14,0,14,22.0,farmer,PASS,,
tao_wu11,91031978,14,0,14,22.0,hand_0,FEED,WHEAT,
tao_wu11,91031978,14,0,14,22.0,hand_1,PLANT,WHEAT,
tao_wu11,91031978,14,0,14,22.0,hand_2,NORTH,,
tao_wu11,91031978,14,0,14,22.0,hand_3,EAST,,
tao_wu11,91031978,14,0,14,22.0,hand_4,EAST,,
tao_wu11,91031978,15,0,15,22.0,farmer,PASS,,
tao_wu11,91031978,15,0,15,22.0,hand_0,CARE,,
tao_wu11,91031978,15,0,15,22.0,hand_1,WATER,,
tao_wu11,91031978,15,0,15,22.0,hand_2,NORTH,,
tao_wu11,91031978,15,0,15,22.0,hand_3,PLANT,MELON,
tao_wu11,91031978,15,0,15,22.0,hand_4,PLANT,MELON,
tao_wu11,91031978,16,0,16,22.0,farmer,PASS,,
tao_wu11,91031978,16,0,16,22.0,hand_0,WEST,,
tao_wu11,91031978,16,0,16,22.0,hand_1,WEST,,
tao_wu11,91031978,16,0,16,22.0,hand_2,NORTH,,
tao_wu11,91031978,16,0,16,22.0,hand_3,WATER,,
tao_wu11,91031978,16,0,16,22.0,hand_4,WATER,,
tao_wu11,91031978,17,0,17,22.0,farmer,PASS,,
tao_wu11,91031978,17,0,17,22.0,hand_0,SOUTH,,
tao_wu11,91031978,17,0,17,22.0,hand_1,PLANT,WHEAT,
tao_wu11,91031978,17,0,17,22.0,hand_2,PLANT,MELON,
tao_wu11,91031978,17,0,17,22.0,hand_3,SOUTH,,
tao_wu11,91031978,17,0,17,22.0,hand_4,EAST,,
tao_wu11,91031978,18,0,18,22.0,farmer,PASS,,
tao_wu11,91031978,18,0,18,22.0,hand_0,BUILD_PASTURE,,
tao_wu11,91031978,18,0,18,22.0,hand_1,WATER,,
tao_wu11,91031978,18,0,18,22.0,hand_2,WATER,,
tao_wu11,91031978,18,0,18,22.0,hand_3,PLANT,MELON,
tao_wu11,91031978,18,0,18,22.0,hand_4,PLANT,MELON,
tao_wu11,91031978,19,0,19,22.0,farmer,PASS,,
tao_wu11,91031978,19,0,19,22.0,hand_0,PLACE,SHEEP,
tao_wu11,91031978,19,0,19,22.0,hand_1,WEST,,
tao_wu11,91031978,19,0,19,22.0,hand_2,NORTH,,
tao_wu11,91031978,19,0,19,22.0,hand_3,WATER,,
tao_wu11,91031978,19,0,19,22.0,hand_4,WATER,,
tao_wu11,91031978,20,0,20,22.0,farmer,PASS,,
tao_wu11,91031978,20,0,20,22.0,hand_0,FEED,WHEAT,
tao_wu11,91031978,20,0,20,22.0,hand_1,PLANT,WHEAT,
tao_wu11,91031978,20,0,20,22.0,hand_2,PLANT,WHEAT,
tao_wu11,91031978,20,0,20,22.0,hand_3,WEST,,
tao_wu11,91031978,20,0,20,22.0,hand_4,WEST,,
tao_wu11,91031978,21,0,21,22.0,farmer,PASS,,
tao_wu11,91031978,21,0,21,22.0,hand_0,CARE,,
tao_wu11,91031978,21,0,21,22.0,hand_1,WATER,,
tao_wu11,91031978,21,0,21,22.0,hand_2,WATER,,
tao_wu11,91031978,21,0,21,22.0,hand_3,PLANT,MELON,
tao_wu11,91031978,21,0,21,22.0,hand_4,SOUTH,,
tao_wu11,91031978,22,0,22,22.0,farmer,PASS,,
tao_wu11,91031978,22,0,22,22.0,hand_0,PASS,,
tao_wu11,91031978,22,0,22,22.0,hand_1,WEST,,
tao_wu11,91031978,22,0,22,22.0,hand_2,PASS,,
tao_wu11,91031978,22,0,22,22.0,hand_3,WATER,,
tao_wu11,91031978,22,0,22,22.0,hand_4,PLANT,MELON,
tao_wu11,91031978,23,0,23,22.0,farmer,PASS,,
tao_wu11,91031978,23,0,23,22.0,hand_0,PASS,,
tao_wu11,91031978,23,0,23,22.0,hand_1,PLANT,WHEAT,
tao_wu11,91031978,23,0,23,22.0,hand_2,PASS,,
tao_wu11,91031978,23,0,23,22.0,hand_3,PASS,,
tao_wu11,91031978,23,0,23,22.0,hand_4,WATER,,
tao_wu11,91031978,24,1,0,22.0,farmer,PASS,,
tao_wu11,91031978,24,1,0,22.0,hand_0,PASS,,
tao_wu11,91031978,24,1,0,22.0,hand_1,WATER,,
tao_wu11,91031978,24,1,0,22.0,hand_2,PASS,,
tao_wu11,91031978,24,1,0,22.0,hand_3,PASS,,
tao_wu11,91031978,24,1,0,22.0,hand_4,PASS,,
tao_wu11,91031978,25,1,1,22.0,farmer,PASS,,
tao_wu11,91031978,26,1,2,22.0,farmer,PICKUP,WHEAT,1
tao_wu11,91031978,27,1,3,22.0,farmer,NORTH,,
tao_wu11,91031978,28,1,4,22.0,farmer,FEED,WHEAT,
tao_wu11,91031978,29,1,5,22.0,farmer,CARE,,
tao_wu11,91031978,30,1,6,22.0,farmer,COLLECT_FERTILIZER,,
tao_wu11,91031978,31,1,7,22.0,farmer,NORTH,,
tao_wu11,91031978,32,1,8,22.0,farmer,CARE,,
tao_wu11,91031978,33,1,9,22.0,farmer,COLLECT_FERTILIZER,,
tao_wu11,91031978,34,1,10,22.0,farmer,WEST,,
tao_wu11,91031978,35,1,11,22.0,farmer,SOUTH,,
tao_wu11,91031978,36,1,12,22.0,farmer,CARE,,
tao_wu11,91031978,37,1,13,22.0,farmer,COLLECT_FERTILIZER,,
tao_wu11,91031978,38,1,14,22.0,farmer,WEST,,
tao_wu11,91031978,39,1,15,22.0,farmer,SOUTH,,
tao_wu11,91031978,40,1,16,22.0,farmer,CARE,,
tao_wu11,91031978,41,1,17,22.0,farmer,COLLECT_FERTILIZER,,
tao_wu11,91031978,42,1,18,22.0,farmer,PASS,,
tao_wu11,91031978,43,1,19,22.0,farmer,PASS,,
tao_wu11,91031978,44,1,20,22.0,farmer,PASS,,
tao_wu11,91031978,45,1,21,22.0,farmer,PASS,,
tao_wu11,91031978,46,1,22,22.0,farmer,PASS,,
tao_wu11,91031978,47,1,23,22.0,farmer,PASS,,
tao_wu11,91038777,0,0,0,3000.0,farmer,PASS,,
tao_wu11,91038777,1,0,1,22.0,farmer,PASS,,
tao_wu11,91038777,1,0,1,22.0,market,HIRE,,
tao_wu11,91038777,1,0,1,22.0,market,HIRE,,
tao_wu11,91038777,1,0,1,22.0,market,HIRE,,
tao_wu11,91038777,1,0,1,22.0,market,HIRE,,
tao_wu11,91038777,1,0,1,22.0,market,HIRE,,
tao_wu11,91038777,1,0,1,22.0,market,BUY_ANIMAL,COW,2
tao_wu11,91038777,1,0,1,22.0,market,BUY_ANIMAL,SHEEP,2
tao_wu11,91038777,1,0,1,22.0,market,BUY_SEED,WHEAT,7
tao_wu11,91038777,1,0,1,22.0,market,BUY_SEED,MELON,12
tao_wu11,91038777,1,0,1,22.0,market,BUY_PRODUCT,WHEAT,5
tao_wu11,91038777,2,0,2,50.0,farmer,PICKUP,SHEEP,1
tao_wu11,91038777,2,0,2,50.0,hand_0,WEST,,
tao_wu11,91038777,2,0,2,50.0,hand_1,NORTH,,
tao_wu11,91038777,2,0,2,50.0,hand_2,WEST,,
tao_wu11,91038777,2,0,2,50.0,hand_3,WEST,,
tao_wu11,91038777,2,0,2,50.0,hand_4,WEST,,
tao_wu11,91038777,2,0,2,50.0,market,SELL,WHEAT,1
tao_wu11,91038777,3,0,3,22.0,farmer,PICKUP,WHEAT,1
tao_wu11,91038777,3,0,3,22.0,hand_0,PICKUP,COW,2
tao_wu11,91038777,3,0,3,22.0,hand_1,BUILD_PASTURE,,
tao_wu11,91038777,3,0,3,22.0,hand_2,WEST,,
tao_wu11,91038777,3,0,3,22.0,hand_3,WEST,,
tao_wu11,91038777,3,0,3,22.0,hand_4,WEST,,
tao_wu11,91038777,3,0,3,22.0,market,BUY_PRODUCT,WHEAT,1
tao_wu11,91038777,4,0,4,50.0,farmer,WEST,,
tao_wu11,91038777,4,0,4,50.0,hand_0,PICKUP,SHEEP,1
tao_wu11,91038777,4,0,4,50.0,hand_1,WEST,,
tao_wu11,91038777,4,0,4,50.0,hand_2,WEST,,
tao_wu11,91038777,4,0,4,50.0,hand_3,WEST,,
tao_wu11,91038777,4,0,4,50.0,hand_4,WEST,,
tao_wu11,91038777,4,0,4,50.0,market,SELL,WHEAT,1
tao_wu11,91038777,5,0,5,22.0,farmer,WEST,,
tao_wu11,91038777,5,0,5,22.0,hand_0,PICKUP,WHEAT,3
tao_wu11,91038777,5,0,5,22.0,hand_1,BUILD_PASTURE,,
tao_wu11,91038777,5,0,5,22.0,hand_2,WEST,,
tao_wu11,91038777,5,0,5,22.0,hand_3,WEST,,
tao_wu11,91038777,5,0,5,22.0,hand_4,WEST,,
tao_wu11,91038777,5,0,5,22.0,market,BUY_PRODUCT,WHEAT,1
tao_wu11,91038777,6,0,6,22.0,farmer,BUILD_PASTURE,,
tao_wu11,91038777,6,0,6,22.0,hand_0,NORTH,,
tao_wu11,91038777,6,0,6,22.0,hand_1,NORTH,,
tao_wu11,91038777,6,0,6,22.0,hand_2,WEST,,
tao_wu11,91038777,6,0,6,22.0,hand_3,NORTH,,
tao_wu11,91038777,6,0,6,22.0,hand_4,WEST,,
tao_wu11,91038777,7,0,7,22.0,farmer,PLACE,SHEEP,
tao_wu11,91038777,7,0,7,22.0,hand_0,BUILD_PASTURE,,
tao_wu11,91038777,7,0,7,22.0,hand_1,NORTH,,
tao_wu11,91038777,7,0,7,22.0,hand_2,NORTH,,
tao_wu11,91038777,7,0,7,22.0,hand_3,NORTH,,
tao_wu11,91038777,7,0,7,22.0,hand_4,NORTH,,
tao_wu11,91038777,8,0,8,22.0,farmer,FEED,WHEAT,
tao_wu11,91038777,8,0,8,22.0,hand_0,PLACE,COW,
tao_wu11,91038777,8,0,8,22.0,hand_1,PLANT,MELON,
tao_wu11,91038777,8,0,8,22.0,hand_2,PLANT,MELON,
tao_wu11,91038777,8,0,8,22.0,hand_3,NORTH,,
tao_wu11,91038777,8,0,8,22.0,hand_4,NORTH,,
tao_wu11,91038777,9,0,9,22.0,farmer,CARE,,
tao_wu11,91038777,9,0,9,22.0,hand_0,FEED,WHEAT,
tao_wu11,91038777,9,0,9,22.0,hand_1,WATER,,
tao_wu11,91038777,9,0,9,22.0,hand_2,WATER,,
tao_wu11,91038777,9,0,9,22.0,hand_3,PLANT,WHEAT,
tao_wu11,91038777,9,0,9,22.0,hand_4,PLANT,MELON,
tao_wu11,91038777,10,0,10,22.0,farmer,PASS,,
tao_wu11,91038777,10,0,10,22.0,hand_0,CARE,,
tao_wu11,91038777,10,0,10,22.0,hand_1,NORTH,,
tao_wu11,91038777,10,0,10,22.0,hand_2,EAST,,
tao_wu11,91038777,10,0,10,22.0,hand_3,WATER,,
tao_wu11,91038777,10,0,10,22.0,hand_4,WATER,,
tao_wu11,91038777,11,0,11,22.0,farmer,PASS,,
tao_wu11,91038777,11,0,11,22.0,hand_0,NORTH,,
tao_wu11,91038777,11,0,11,22.0,hand_1,PLANT,MELON,
tao_wu11,91038777,11,0,11,22.0,hand_2,EAST,,
tao_wu11,91038777,11,0,11,22.0,hand_3,EAST,,
tao_wu11,91038777,11,0,11,22.0,hand_4,SOUTH,,
tao_wu11,91038777,12,0,12,22.0,farmer,PASS,,
tao_wu11,91038777,12,0,12,22.0,hand_0,BUILD_PASTURE,,
tao_wu11,91038777,12,0,12,22.0,hand_1,WATER,,
tao_wu11,91038777,12,0,12,22.0,hand_2,EAST,,
tao_wu11,91038777,12,0,12,22.0,hand_3,PLANT,WHEAT,
tao_wu11,91038777,12,0,12,22.0,hand_4,PLANT,MELON,
tao_wu11,91038777,13,0,13,22.0,farmer,PASS,,
tao_wu11,91038777,13,0,13,22.0,hand_0,PLACE,COW,
tao_wu11,91038777,13,0,13,22.0,hand_1,NORTH,,
tao_wu11,91038777,13,0,13,22.0,hand_2,EAST,,
tao_wu11,91038777,13,0,13,22.0,hand_3,WATER,,
tao_wu11,91038777,13,0,13,22.0,hand_4,WATER,,
tao_wu11,91038777,14,0,14,22.0,farmer,PASS,,
tao_wu11,91038777,14,0,14,22.0,hand_0,FEED,WHEAT,
tao_wu11,91038777,14,0,14,22.0,hand_1,PLANT,WHEAT,
tao_wu11,91038777,14,0,14,22.0,hand_2,NORTH,,
tao_wu11,91038777,14,0,14,22.0,hand_3,EAST,,
tao_wu11,91038777,14,0,14,22.0,hand_4,EAST,,
tao_wu11,91038777,15,0,15,22.0,farmer,PASS,,
tao_wu11,91038777,15,0,15,22.0,hand_0,CARE,,
tao_wu11,91038777,15,0,15,22.0,hand_1,WATER,,
tao_wu11,91038777,15,0,15,22.0,hand_2,NORTH,,
tao_wu11,91038777,15,0,15,22.0,hand_3,PLANT,MELON,
tao_wu11,91038777,15,0,15,22.0,hand_4,PLANT,MELON,
tao_wu11,91038777,16,0,16,22.0,farmer,PASS,,
tao_wu11,91038777,16,0,16,22.0,hand_0,WEST,,
tao_wu11,91038777,16,0,16,22.0,hand_1,WEST,,
tao_wu11,91038777,16,0,16,22.0,hand_2,NORTH,,
tao_wu11,91038777,16,0,16,22.0,hand_3,WATER,,
tao_wu11,91038777,16,0,16,22.0,hand_4,WATER,,
tao_wu11,91038777,17,0,17,22.0,farmer,PASS,,
tao_wu11,91038777,17,0,17,22.0,hand_0,SOUTH,,
tao_wu11,91038777,17,0,17,22.0,hand_1,PLANT,WHEAT,
tao_wu11,91038777,17,0,17,22.0,hand_2,PLANT,MELON,
tao_wu11,91038777,17,0,17,22.0,hand_3,SOUTH,,
tao_wu11,91038777,17,0,17,22.0,hand_4,EAST,,
tao_wu11,91038777,18,0,18,22.0,farmer,PASS,,
tao_wu11,91038777,18,0,18,22.0,hand_0,BUILD_PASTURE,,
tao_wu11,91038777,18,0,18,22.0,hand_1,WATER,,
tao_wu11,91038777,18,0,18,22.0,hand_2,WATER,,
tao_wu11,91038777,18,0,18,22.0,hand_3,PLANT,MELON,
tao_wu11,91038777,18,0,18,22.0,hand_4,PLANT,MELON,
tao_wu11,91038777,19,0,19,22.0,farmer,PASS,,
tao_wu11,91038777,19,0,19,22.0,hand_0,PLACE,SHEEP,
tao_wu11,91038777,19,0,19,22.0,hand_1,WEST,,
tao_wu11,91038777,19,0,19,22.0,hand_2,NORTH,,
tao_wu11,91038777,19,0,19,22.0,hand_3,WATER,,
tao_wu11,91038777,19,0,19,22.0,hand_4,WATER,,
tao_wu11,91038777,20,0,20,22.0,farmer,PASS,,
tao_wu11,91038777,20,0,20,22.0,hand_0,FEED,WHEAT,
tao_wu11,91038777,20,0,20,22.0,hand_1,PLANT,WHEAT,
tao_wu11,91038777,20,0,20,22.0,hand_2,PLANT,WHEAT,
tao_wu11,91038777,20,0,20,22.0,hand_3,WEST,,
tao_wu11,91038777,20,0,20,22.0,hand_4,WEST,,
tao_wu11,91038777,21,0,21,22.0,farmer,PASS,,
tao_wu11,91038777,21,0,21,22.0,hand_0,CARE,,
tao_wu11,91038777,21,0,21,22.0,hand_1,WATER,,
tao_wu11,91038777,21,0,21,22.0,hand_2,WATER,,
tao_wu11,91038777,21,0,21,22.0,hand_3,PLANT,MELON,
tao_wu11,91038777,21,0,21,22.0,hand_4,SOUTH,,
tao_wu11,91038777,22,0,22,22.0,farmer,PASS,,
tao_wu11,91038777,22,0,22,22.0,hand_0,PASS,,
tao_wu11,91038777,22,0,22,22.0,hand_1,WEST,,
tao_wu11,91038777,22,0,22,22.0,hand_2,PASS,,
tao_wu11,91038777,22,0,22,22.0,hand_3,WATER,,
tao_wu11,91038777,22,0,22,22.0,hand_4,PLANT,MELON,
tao_wu11,91038777,23,0,23,22.0,farmer,PASS,,
tao_wu11,91038777,23,0,23,22.0,hand_0,PASS,,
tao_wu11,91038777,23,0,23,22.0,hand_1,PLANT,WHEAT,
tao_wu11,91038777,23,0,23,22.0,hand_2,PASS,,
tao_wu11,91038777,23,0,23,22.0,hand_3,PASS,,
tao_wu11,91038777,23,0,23,22.0,hand_4,WATER,,
tao_wu11,91038777,24,1,0,22.0,farmer,PASS,,
tao_wu11,91038777,24,1,0,22.0,hand_0,PASS,,
tao_wu11,91038777,24,1,0,22.0,hand_1,WATER,,
tao_wu11,91038777,24,1,0,22.0,hand_2,PASS,,
tao_wu11,91038777,24,1,0,22.0,hand_3,PASS,,
tao_wu11,91038777,24,1,0,22.0,hand_4,PASS,,
tao_wu11,91038777,25,1,1,22.0,farmer,PASS,,
tao_wu11,91038777,26,1,2,22.0,farmer,PICKUP,WHEAT,1
tao_wu11,91038777,27,1,3,22.0,farmer,NORTH,,
tao_wu11,91038777,28,1,4,22.0,farmer,FEED,WHEAT,
tao_wu11,91038777,29,1,5,22.0,farmer,CARE,,
tao_wu11,91038777,30,1,6,22.0,farmer,COLLECT_FERTILIZER,,
tao_wu11,91038777,31,1,7,22.0,farmer,NORTH,,
tao_wu11,91038777,32,1,8,22.0,farmer,CARE,,
tao_wu11,91038777,33,1,9,22.0,farmer,COLLECT_FERTILIZER,,
tao_wu11,91038777,34,1,10,22.0,farmer,WEST,,
tao_wu11,91038777,35,1,11,22.0,farmer,SOUTH,,
tao_wu11,91038777,36,1,12,22.0,farmer,CARE,,
tao_wu11,91038777,37,1,13,22.0,farmer,COLLECT_FERTILIZER,,
tao_wu11,91038777,38,1,14,22.0,farmer,WEST,,
tao_wu11,91038777,39,1,15,22.0,farmer,SOUTH,,
tao_wu11,91038777,40,1,16,22.0,farmer,CARE,,
tao_wu11,91038777,41,1,17,22.0,farmer,COLLECT_FERTILIZER,,
tao_wu11,91038777,42,1,18,22.0,farmer,PASS,,
tao_wu11,91038777,43,1,19,22.0,farmer,PASS,,
tao_wu11,91038777,44,1,20,22.0,farmer,PASS,,
tao_wu11,91038777,45,1,21,22.0,farmer,PASS,,
tao_wu11,91038777,46,1,22,22.0,farmer,PASS,,
tao_wu11,91038777,47,1,23,22.0,farmer,PASS,,
tao_wu11,91053943,0,0,0,3000.0,farmer,PASS,,
tao_wu11,91053943,1,0,1,22.0,farmer,PASS,,
tao_wu11,91053943,1,0,1,22.0,market,HIRE,,
tao_wu11,91053943,1,0,1,22.0,market,HIRE,,
tao_wu11,91053943,1,0,1,22.0,market,HIRE,,
tao_wu11,91053943,1,0,1,22.0,market,HIRE,,
tao_wu11,91053943,1,0,1,22.0,market,HIRE,,
tao_wu11,91053943,1,0,1,22.0,market,BUY_ANIMAL,COW,2
tao_wu11,91053943,1,0,1,22.0,market,BUY_ANIMAL,SHEEP,2
tao_wu11,91053943,1,0,1,22.0,market,BUY_SEED,WHEAT,7
tao_wu11,91053943,1,0,1,22.0,market,BUY_SEED,MELON,12
tao_wu11,91053943,1,0,1,22.0,market,BUY_PRODUCT,WHEAT,5
tao_wu11,91053943,2,0,2,50.0,farmer,PICKUP,SHEEP,1
tao_wu11,91053943,2,0,2,50.0,hand_0,WEST,,
tao_wu11,91053943,2,0,2,50.0,hand_1,NORTH,,
tao_wu11,91053943,2,0,2,50.0,hand_2,WEST,,
tao_wu11,91053943,2,0,2,50.0,hand_3,WEST,,
tao_wu11,91053943,2,0,2,50.0,hand_4,WEST,,
tao_wu11,91053943,2,0,2,50.0,market,SELL,WHEAT,1
tao_wu11,91053943,3,0,3,22.0,farmer,PICKUP,WHEAT,1
tao_wu11,91053943,3,0,3,22.0,hand_0,PICKUP,COW,2
tao_wu11,91053943,3,0,3,22.0,hand_1,BUILD_PASTURE,,
tao_wu11,91053943,3,0,3,22.0,hand_2,WEST,,
tao_wu11,91053943,3,0,3,22.0,hand_3,WEST,,
tao_wu11,91053943,3,0,3,22.0,hand_4,WEST,,
tao_wu11,91053943,3,0,3,22.0,market,BUY_PRODUCT,WHEAT,1
tao_wu11,91053943,4,0,4,50.0,farmer,WEST,,
tao_wu11,91053943,4,0,4,50.0,hand_0,PICKUP,SHEEP,1
tao_wu11,91053943,4,0,4,50.0,hand_1,WEST,,
tao_wu11,91053943,4,0,4,50.0,hand_2,WEST,,
tao_wu11,91053943,4,0,4,50.0,hand_3,WEST,,
tao_wu11,91053943,4,0,4,50.0,hand_4,WEST,,
tao_wu11,91053943,4,0,4,50.0,market,SELL,WHEAT,1
tao_wu11,91053943,5,0,5,22.0,farmer,WEST,,
tao_wu11,91053943,5,0,5,22.0,hand_0,PICKUP,WHEAT,3
tao_wu11,91053943,5,0,5,22.0,hand_1,BUILD_PASTURE,,
tao_wu11,91053943,5,0,5,22.0,hand_2,WEST,,
tao_wu11,91053943,5,0,5,22.0,hand_3,WEST,,
tao_wu11,91053943,5,0,5,22.0,hand_4,WEST,,
tao_wu11,91053943,5,0,5,22.0,market,BUY_PRODUCT,WHEAT,1
tao_wu11,91053943,6,0,6,22.0,farmer,BUILD_PASTURE,,
tao_wu11,91053943,6,0,6,22.0,hand_0,NORTH,,
tao_wu11,91053943,6,0,6,22.0,hand_1,NORTH,,
tao_wu11,91053943,6,0,6,22.0,hand_2,WEST,,
tao_wu11,91053943,6,0,6,22.0,hand_3,NORTH,,
tao_wu11,91053943,6,0,6,22.0,hand_4,WEST,,
tao_wu11,91053943,7,0,7,22.0,farmer,PLACE,SHEEP,
tao_wu11,91053943,7,0,7,22.0,hand_0,BUILD_PASTURE,,
tao_wu11,91053943,7,0,7,22.0,hand_1,NORTH,,
tao_wu11,91053943,7,0,7,22.0,hand_2,NORTH,,
tao_wu11,91053943,7,0,7,22.0,hand_3,NORTH,,
tao_wu11,91053943,7,0,7,22.0,hand_4,NORTH,,
tao_wu11,91053943,8,0,8,22.0,farmer,FEED,WHEAT,
tao_wu11,91053943,8,0,8,22.0,hand_0,PLACE,COW,
tao_wu11,91053943,8,0,8,22.0,hand_1,PLANT,MELON,
tao_wu11,91053943,8,0,8,22.0,hand_2,PLANT,MELON,
tao_wu11,91053943,8,0,8,22.0,hand_3,NORTH,,
tao_wu11,91053943,8,0,8,22.0,hand_4,NORTH,,
tao_wu11,91053943,9,0,9,22.0,farmer,CARE,,
tao_wu11,91053943,9,0,9,22.0,hand_0,FEED,WHEAT,
tao_wu11,91053943,9,0,9,22.0,hand_1,WATER,,
tao_wu11,91053943,9,0,9,22.0,hand_2,WATER,,
tao_wu11,91053943,9,0,9,22.0,hand_3,PLANT,WHEAT,
tao_wu11,91053943,9,0,9,22.0,hand_4,PLANT,MELON,
tao_wu11,91053943,10,0,10,22.0,farmer,PASS,,
tao_wu11,91053943,10,0,10,22.0,hand_0,CARE,,
tao_wu11,91053943,10,0,10,22.0,hand_1,NORTH,,
tao_wu11,91053943,10,0,10,22.0,hand_2,EAST,,
tao_wu11,91053943,10,0,10,22.0,hand_3,WATER,,
tao_wu11,91053943,10,0,10,22.0,hand_4,WATER,,
tao_wu11,91053943,11,0,11,22.0,farmer,PASS,,
tao_wu11,91053943,11,0,11,22.0,hand_0,NORTH,,
tao_wu11,91053943,11,0,11,22.0,hand_1,PLANT,MELON,
tao_wu11,91053943,11,0,11,22.0,hand_2,EAST,,
tao_wu11,91053943,11,0,11,22.0,hand_3,EAST,,
tao_wu11,91053943,11,0,11,22.0,hand_4,SOUTH,,
tao_wu11,91053943,12,0,12,22.0,farmer,PASS,,
tao_wu11,91053943,12,0,12,22.0,hand_0,BUILD_PASTURE,,
tao_wu11,91053943,12,0,12,22.0,hand_1,WATER,,
tao_wu11,91053943,12,0,12,22.0,hand_2,EAST,,
tao_wu11,91053943,12,0,12,22.0,hand_3,PLANT,WHEAT,
tao_wu11,91053943,12,0,12,22.0,hand_4,PLANT,MELON,
tao_wu11,91053943,13,0,13,22.0,farmer,PASS,,
tao_wu11,91053943,13,0,13,22.0,hand_0,PLACE,COW,
tao_wu11,91053943,13,0,13,22.0,hand_1,NORTH,,
tao_wu11,91053943,13,0,13,22.0,hand_2,EAST,,
tao_wu11,91053943,13,0,13,22.0,hand_3,WATER,,
tao_wu11,91053943,13,0,13,22.0,hand_4,WATER,,
tao_wu11,91053943,14,0,14,22.0,farmer,PASS,,
tao_wu11,91053943,14,0,14,22.0,hand_0,FEED,WHEAT,
tao_wu11,91053943,14,0,14,22.0,hand_1,PLANT,WHEAT,
tao_wu11,91053943,14,0,14,22.0,hand_2,NORTH,,
tao_wu11,91053943,14,0,14,22.0,hand_3,EAST,,
tao_wu11,91053943,14,0,14,22.0,hand_4,EAST,,
tao_wu11,91053943,15,0,15,22.0,farmer,PASS,,
tao_wu11,91053943,15,0,15,22.0,hand_0,CARE,,
tao_wu11,91053943,15,0,15,22.0,hand_1,WATER,,
tao_wu11,91053943,15,0,15,22.0,hand_2,NORTH,,
tao_wu11,91053943,15,0,15,22.0,hand_3,PLANT,MELON,
tao_wu11,91053943,15,0,15,22.0,hand_4,PLANT,MELON,
tao_wu11,91053943,16,0,16,22.0,farmer,PASS,,
tao_wu11,91053943,16,0,16,22.0,hand_0,WEST,,
tao_wu11,91053943,16,0,16,22.0,hand_1,WEST,,
tao_wu11,91053943,16,0,16,22.0,hand_2,NORTH,,
tao_wu11,91053943,16,0,16,22.0,hand_3,WATER,,
tao_wu11,91053943,16,0,16,22.0,hand_4,WATER,,
tao_wu11,91053943,17,0,17,22.0,farmer,PASS,,
tao_wu11,91053943,17,0,17,22.0,hand_0,SOUTH,,
tao_wu11,91053943,17,0,17,22.0,hand_1,PLANT,WHEAT,
tao_wu11,91053943,17,0,17,22.0,hand_2,PLANT,MELON,
tao_wu11,91053943,17,0,17,22.0,hand_3,SOUTH,,
tao_wu11,91053943,17,0,17,22.0,hand_4,EAST,,
tao_wu11,91053943,18,0,18,22.0,farmer,PASS,,
tao_wu11,91053943,18,0,18,22.0,hand_0,BUILD_PASTURE,,
tao_wu11,91053943,18,0,18,22.0,hand_1,WATER,,
tao_wu11,91053943,18,0,18,22.0,hand_2,WATER,,
tao_wu11,91053943,18,0,18,22.0,hand_3,PLANT,MELON,
tao_wu11,91053943,18,0,18,22.0,hand_4,PLANT,MELON,
tao_wu11,91053943,19,0,19,22.0,farmer,PASS,,
tao_wu11,91053943,19,0,19,22.0,hand_0,PLACE,SHEEP,
tao_wu11,91053943,19,0,19,22.0,hand_1,WEST,,
tao_wu11,91053943,19,0,19,22.0,hand_2,NORTH,,
tao_wu11,91053943,19,0,19,22.0,hand_3,WATER,,
tao_wu11,91053943,19,0,19,22.0,hand_4,WATER,,
tao_wu11,91053943,20,0,20,22.0,farmer,PASS,,
tao_wu11,91053943,20,0,20,22.0,hand_0,FEED,WHEAT,
tao_wu11,91053943,20,0,20,22.0,hand_1,PLANT,WHEAT,
tao_wu11,91053943,20,0,20,22.0,hand_2,PLANT,WHEAT,
tao_wu11,91053943,20,0,20,22.0,hand_3,WEST,,
tao_wu11,91053943,20,0,20,22.0,hand_4,WEST,,
tao_wu11,91053943,21,0,21,22.0,farmer,PASS,,
tao_wu11,91053943,21,0,21,22.0,hand_0,CARE,,
tao_wu11,91053943,21,0,21,22.0,hand_1,WATER,,
tao_wu11,91053943,21,0,21,22.0,hand_2,WATER,,
tao_wu11,91053943,21,0,21,22.0,hand_3,PLANT,MELON,
tao_wu11,91053943,21,0,21,22.0,hand_4,SOUTH,,
tao_wu11,91053943,22,0,22,22.0,farmer,PASS,,
tao_wu11,91053943,22,0,22,22.0,hand_0,PASS,,
tao_wu11,91053943,22,0,22,22.0,hand_1,WEST,,
tao_wu11,91053943,22,0,22,22.0,hand_2,PASS,,
tao_wu11,91053943,22,0,22,22.0,hand_3,WATER,,
tao_wu11,91053943,22,0,22,22.0,hand_4,PLANT,MELON,
tao_wu11,91053943,23,0,23,22.0,farmer,PASS,,
tao_wu11,91053943,23,0,23,22.0,hand_0,PASS,,
tao_wu11,91053943,23,0,23,22.0,hand_1,PLANT,WHEAT,
tao_wu11,91053943,23,0,23,22.0,hand_2,PASS,,
tao_wu11,91053943,23,0,23,22.0,hand_3,PASS,,
tao_wu11,91053943,23,0,23,22.0,hand_4,WATER,,
tao_wu11,91053943,24,1,0,22.0,farmer,PASS,,
tao_wu11,91053943,24,1,0,22.0,hand_0,PASS,,
tao_wu11,91053943,24,1,0,22.0,hand_1,WATER,,
tao_wu11,91053943,24,1,0,22.0,hand_2,PASS,,
tao_wu11,91053943,24,1,0,22.0,hand_3,PASS,,
tao_wu11,91053943,24,1,0,22.0,hand_4,PASS,,
tao_wu11,91053943,25,1,1,22.0,farmer,PASS,,
tao_wu11,91053943,26,1,2,22.0,farmer,PICKUP,WHEAT,1
tao_wu11,91053943,27,1,3,22.0,farmer,NORTH,,
tao_wu11,91053943,28,1,4,22.0,farmer,FEED,WHEAT,
tao_wu11,91053943,29,1,5,22.0,farmer,CARE,,
tao_wu11,91053943,30,1,6,22.0,farmer,COLLECT_FERTILIZER,,
tao_wu11,91053943,31,1,7,22.0,farmer,NORTH,,
tao_wu11,91053943,32,1,8,22.0,farmer,CARE,,
tao_wu11,91053943,33,1,9,22.0,farmer,COLLECT_FERTILIZER,,
tao_wu11,91053943,34,1,10,22.0,farmer,WEST,,
tao_wu11,91053943,35,1,11,22.0,farmer,SOUTH,,
tao_wu11,91053943,36,1,12,22.0,farmer,CARE,,
tao_wu11,91053943,37,1,13,22.0,farmer,COLLECT_FERTILIZER,,
tao_wu11,91053943,38,1,14,22.0,farmer,WEST,,
tao_wu11,91053943,39,1,15,22.0,farmer,SOUTH,,
tao_wu11,91053943,40,1,16,22.0,farmer,CARE,,
tao_wu11,91053943,41,1,17,22.0,farmer,COLLECT_FERTILIZER,,
tao_wu11,91053943,42,1,18,22.0,farmer,PASS,,
tao_wu11,91053943,43,1,19,22.0,farmer,PASS,,
tao_wu11,91053943,44,1,20,22.0,farmer,PASS,,
tao_wu11,91053943,45,1,21,22.0,farmer,PASS,,
tao_wu11,91053943,46,1,22,22.0,farmer,PASS,,
tao_wu11,91053943,47,1,23,22.0,farmer,PASS,,
